State,Crime_Type,Pearson_r,p_value
AL,Aggravated Assault_rate,-0.233951502,0.544604346
AL,All Other Offenses (Except Traffic)_rate,-0.50214363,0.16835094
AL,Arson_rate,-0.230378578,0.550941508
AL,Burglary_rate,-0.077676803,0.842551608
AL,Curfew and Loitering Law Violations_rate,,
AL,Disorderly Conduct_rate,-0.630140695,0.068906334
AL,Driving Under the Influence_rate,-0.140705501,0.718044214
AL,Drug Abuse Violations - Grand Total_rate,-0.774677142,0.01422917
AL,Drunkenness_rate,0.232188928,0.547727086
AL,Embezzlement_rate,0.183867295,0.635821399
AL,Forgery and Counterfeiting_rate,-0.029030894,0.94090027
AL,Fraud_rate,0.110126131,0.777907889
AL,Gambling - Total_rate,-0.599518472,0.087944633
AL,Human Trafficking - Commercial Sex Acts_rate,-0.650793189,0.05766444
AL,Human Trafficking - Involuntary Servitude_rate,,
AL,Larceny - Theft_rate,-0.112571697,0.773078822
AL,Liquor Laws_rate,-0.733400769,0.024534201
AL,Manslaughter by Negligence_rate,0.073979119,0.849976632
AL,Motor Vehicle Theft_rate,-0.377423549,0.316640657
AL,Murder and Nonnegligent Manslaughter_rate,-0.39321263,0.295119077
AL,Offenses Against the Family and Children_rate,0.120510027,0.757450714
AL,Prostitution and Commercialized Vice_rate,-0.605467123,0.084019947
AL,Rape_rate,-0.198539335,0.60859026
AL,Robbery_rate,-0.058524087,0.881115477
AL,Simple Assault_rate,-0.081920213,0.834043997
AL,"Stolen Property: Buying, Receiving, Possessing_rate",-0.326200766,0.391609406
AL,Suspicion_rate,,
AL,Vagrancy_rate,0.336952685,0.375239241
AL,Vandalism_rate,-0.428105408,0.250328617
AL,"Weapons: Carrying, Possessing, Etc._rate",-0.655880737,0.055086838
AL,"Sex Offenses (Except Rape, and Prostitution and Commercialized Vice)_rate",0.025256587,0.948575047
AK,Aggravated Assault_rate,-0.124506503,0.749611232
AK,All Other Offenses (Except Traffic)_rate,0.060000343,0.878134411
AK,Arson_rate,0.096399514,0.805130974
AK,Burglary_rate,-0.196463931,0.612417916
AK,Curfew and Loitering Law Violations_rate,-0.486122165,0.184561407
AK,Disorderly Conduct_rate,0.061575986,0.87495411
AK,Driving Under the Influence_rate,-0.286905863,0.454142606
AK,Drug Abuse Violations - Grand Total_rate,-0.076114537,0.845687391
AK,Drunkenness_rate,-0.129734978,0.739385031
AK,Embezzlement_rate,-0.196656878,0.612061721
AK,Forgery and Counterfeiting_rate,-0.112286648,0.773641343
AK,Fraud_rate,0.07800053,0.841902062
AK,Gambling - Total_rate,,
AK,Human Trafficking - Commercial Sex Acts_rate,0.159317432,0.682227991
AK,Human Trafficking - Involuntary Servitude_rate,,
AK,Larceny - Theft_rate,0.020680852,0.957884328
AK,Liquor Laws_rate,0.081488567,0.834908738
AK,Manslaughter by Negligence_rate,-0.25546509,0.507049786
AK,Motor Vehicle Theft_rate,-0.174447628,0.653507713
AK,Murder and Nonnegligent Manslaughter_rate,-0.520203689,0.151095575
AK,Offenses Against the Family and Children_rate,-0.331977423,0.382773485
AK,Prostitution and Commercialized Vice_rate,-0.098887128,0.800183184
AK,Rape_rate,0.070118138,0.857740456
AK,Robbery_rate,-0.019242288,0.960812025
AK,Simple Assault_rate,-0.059566183,0.879010993
AK,"Stolen Property: Buying, Receiving, Possessing_rate",-0.249097734,0.518054694
AK,Suspicion_rate,0.291792334,0.446142591
AK,Vagrancy_rate,0.410264899,0.27274764
AK,Vandalism_rate,-0.185863161,0.63209399
AK,"Weapons: Carrying, Possessing, Etc._rate",-0.04324918,0.912030714
AK,"Sex Offenses (Except Rape, and Prostitution and Commercialized Vice)_rate",-0.122898463,0.752763216
AZ,Aggravated Assault_rate,0.009090888,0.98148147
AZ,All Other Offenses (Except Traffic)_rate,0.019103883,0.961093724
AZ,Arson_rate,0.041458175,0.915662977
AZ,Burglary_rate,0.250404047,0.51578927
AZ,Curfew and Loitering Law Violations_rate,0.433375265,0.24390165
AZ,Disorderly Conduct_rate,0.181789689,0.639708989
AZ,Driving Under the Influence_rate,0.240478303,0.533100435
AZ,Drug Abuse Violations - Grand Total_rate,0.030281354,0.938358451
AZ,Drunkenness_rate,-0.115819916,0.766675245
AZ,Embezzlement_rate,-0.418386008,0.262416292
AZ,Forgery and Counterfeiting_rate,0.146886035,0.706094227
AZ,Fraud_rate,0.039283011,0.920076147
AZ,Gambling - Total_rate,0.421582836,0.258407098
AZ,Human Trafficking - Commercial Sex Acts_rate,-0.293102072,0.44400884
AZ,Human Trafficking - Involuntary Servitude_rate,0.103295733,0.791429784
AZ,Larceny - Theft_rate,0.337915831,0.373788881
AZ,Liquor Laws_rate,0.365968619,0.332731714
AZ,Manslaughter by Negligence_rate,-0.325830911,0.392178335
AZ,Motor Vehicle Theft_rate,0.296217729,0.438951005
AZ,Murder and Nonnegligent Manslaughter_rate,-0.046660841,0.905115613
AZ,Offenses Against the Family and Children_rate,0.309255617,0.418064817
AZ,Prostitution and Commercialized Vice_rate,0.324716722,0.39389455
AZ,Rape_rate,0.136501815,0.726202478
AZ,Robbery_rate,0.127904933,0.742960419
AZ,Simple Assault_rate,0.122884796,0.752790018
AZ,"Stolen Property: Buying, Receiving, Possessing_rate",0.087726353,0.82242752
AZ,Suspicion_rate,0.26642784,0.488326942
AZ,Vagrancy_rate,-0.386951436,0.303561459
AZ,Vandalism_rate,0.278765958,0.46760489
AZ,"Weapons: Carrying, Possessing, Etc._rate",0.040294346,0.918024017
AZ,"Sex Offenses (Except Rape, and Prostitution and Commercialized Vice)_rate",0.309677227,0.417397027
AR,Aggravated Assault_rate,-0.227670394,0.555763322
AR,All Other Offenses (Except Traffic)_rate,-0.288026907,0.452301809
AR,Arson_rate,0.16147274,0.67811421
AR,Burglary_rate,0.018204817,0.962923692
AR,Curfew and Loitering Law Violations_rate,-0.266452443,0.488285248
AR,Disorderly Conduct_rate,-0.613641297,0.078806232
AR,Driving Under the Influence_rate,0.002979137,0.993930997
AR,Drug Abuse Violations - Grand Total_rate,-0.599045834,0.088261202
AR,Drunkenness_rate,0.024154585,0.950816601
AR,Embezzlement_rate,-0.150467081,0.699195487
AR,Forgery and Counterfeiting_rate,-0.260806188,0.497892045
AR,Fraud_rate,0.221071572,0.567577696
AR,Gambling - Total_rate,-0.284573776,0.457982314
AR,Human Trafficking - Commercial Sex Acts_rate,-0.02634045,0.946370692
AR,Human Trafficking - Involuntary Servitude_rate,-0.217099621,0.574732979
AR,Larceny - Theft_rate,0.232913599,0.54644237
AR,Liquor Laws_rate,0.173002839,0.656233937
AR,Manslaughter by Negligence_rate,0.000419406,0.999145593
AR,Motor Vehicle Theft_rate,-0.509582481,0.161112946
AR,Murder and Nonnegligent Manslaughter_rate,-0.216391921,0.576011287
AR,Offenses Against the Family and Children_rate,-0.383611051,0.308115135
AR,Prostitution and Commercialized Vice_rate,-0.026272472,0.946508937
AR,Rape_rate,-0.550622859,0.124461856
AR,Robbery_rate,0.188150371,0.627831277
AR,Simple Assault_rate,-0.615399513,0.077711734
AR,"Stolen Property: Buying, Receiving, Possessing_rate",-0.452885277,0.220891257
AR,Suspicion_rate,,
AR,Vagrancy_rate,0.053324985,0.891624323
AR,Vandalism_rate,-0.425905495,0.253038034
AR,"Weapons: Carrying, Possessing, Etc._rate",-0.502780072,0.167724523
AR,"Sex Offenses (Except Rape, and Prostitution and Commercialized Vice)_rate",0.261173846,0.497264161
CA,Aggravated Assault_rate,-0.269913594,0.482434507
CA,All Other Offenses (Except Traffic)_rate,-0.406897776,0.277092552
CA,Arson_rate,-0.211352115,0.585144156
CA,Burglary_rate,-0.174248469,0.653883303
CA,Curfew and Loitering Law Violations_rate,0.142329483,0.714899028
CA,Disorderly Conduct_rate,-0.180297219,0.642506374
CA,Driving Under the Influence_rate,-0.278182354,0.468576536
CA,Drug Abuse Violations - Grand Total_rate,-0.230118427,0.55140401
CA,Drunkenness_rate,-0.121336386,0.755828135
CA,Embezzlement_rate,-0.398880224,0.287582297
CA,Forgery and Counterfeiting_rate,-0.262232515,0.495457983
CA,Fraud_rate,-0.478187492,0.19290383
CA,Gambling - Total_rate,0.106398222,0.785281724
CA,Human Trafficking - Commercial Sex Acts_rate,-0.149701982,0.700667837
CA,Human Trafficking - Involuntary Servitude_rate,-0.264294624,0.491947582
CA,Larceny - Theft_rate,-0.153832165,0.692730088
CA,Liquor Laws_rate,0.007315938,0.985096758
CA,Manslaughter by Negligence_rate,-0.201773858,0.602641222
CA,Motor Vehicle Theft_rate,-0.334577257,0.378827643
CA,Murder and Nonnegligent Manslaughter_rate,-0.180337951,0.642429979
CA,Offenses Against the Family and Children_rate,-0.027756729,0.943490747
CA,Prostitution and Commercialized Vice_rate,-0.20720877,0.592690796
CA,Rape_rate,-0.343705408,0.365126865
CA,Robbery_rate,-0.402498773,0.282822939
CA,Simple Assault_rate,-0.407275847,0.276602905
CA,"Stolen Property: Buying, Receiving, Possessing_rate",-0.339407085,0.37154852
CA,Suspicion_rate,0.026873928,0.945285822
CA,Vagrancy_rate,-0.246671445,0.522272819
CA,Vandalism_rate,-0.271491451,0.479777032
CA,"Weapons: Carrying, Possessing, Etc._rate",-0.37562463,0.319141293
CA,"Sex Offenses (Except Rape, and Prostitution and Commercialized Vice)_rate",-0.263224074,0.49376874
CO,Aggravated Assault_rate,-0.052717015,0.892854182
CO,All Other Offenses (Except Traffic)_rate,-0.474626337,0.196715549
CO,Arson_rate,0.375377246,0.319485947
CO,Burglary_rate,0.579825916,0.101731346
CO,Curfew and Loitering Law Violations_rate,-0.105983604,0.786102767
CO,Disorderly Conduct_rate,-0.191384333,0.621820321
CO,Driving Under the Influence_rate,-0.205873701,0.595129729
CO,Drug Abuse Violations - Grand Total_rate,-0.681199117,0.043350438
CO,Drunkenness_rate,-0.238206364,0.537094157
CO,Embezzlement_rate,-0.470309654,0.201392002
CO,Forgery and Counterfeiting_rate,-0.485174062,0.185547292
CO,Fraud_rate,-0.463412435,0.208991356
CO,Gambling - Total_rate,-0.476164188,0.195064363
CO,Human Trafficking - Commercial Sex Acts_rate,-0.035768466,0.927210723
CO,Human Trafficking - Involuntary Servitude_rate,-0.402440057,0.282899837
CO,Larceny - Theft_rate,-0.158894794,0.683035522
CO,Liquor Laws_rate,-0.12836281,0.742065455
CO,Manslaughter by Negligence_rate,0.04933119,0.899706905
CO,Motor Vehicle Theft_rate,0.124537509,0.749550487
CO,Murder and Nonnegligent Manslaughter_rate,0.167683586,0.666301113
CO,Offenses Against the Family and Children_rate,-0.253819895,0.509884172
CO,Prostitution and Commercialized Vice_rate,-0.441608861,0.23403993
CO,Rape_rate,-0.315624321,0.408028979
CO,Robbery_rate,-0.151057807,0.69805929
CO,Simple Assault_rate,-0.412936678,0.269325559
CO,"Stolen Property: Buying, Receiving, Possessing_rate",0.086433226,0.825012199
CO,Suspicion_rate,-0.435359118,0.241505431
CO,Vagrancy_rate,-0.281643734,0.462826216
CO,Vandalism_rate,0.210020253,0.587566258
CO,"Weapons: Carrying, Possessing, Etc._rate",0.053656749,0.890953282
CO,"Sex Offenses (Except Rape, and Prostitution and Commercialized Vice)_rate",-0.482881573,0.187943411
CT,Aggravated Assault_rate,-0.02942489,0.940099341
CT,All Other Offenses (Except Traffic)_rate,-0.618838496,0.075598362
CT,Arson_rate,0.323602247,0.395614682
CT,Burglary_rate,0.099537212,0.798891193
CT,Curfew and Loitering Law Violations_rate,-0.305921383,0.423362839
CT,Disorderly Conduct_rate,-0.091779408,0.814336011
CT,Driving Under the Influence_rate,-0.216500537,0.575815029
CT,Drug Abuse Violations - Grand Total_rate,-0.106174291,0.785725139
CT,Drunkenness_rate,-0.582090552,0.100083286
CT,Embezzlement_rate,-0.079603941,0.838686096
CT,Forgery and Counterfeiting_rate,-0.096199075,0.805529905
CT,Fraud_rate,-0.195057834,0.615015796
CT,Gambling - Total_rate,-0.046667886,0.905101339
CT,Human Trafficking - Commercial Sex Acts_rate,-0.171830475,0.658448699
CT,Human Trafficking - Involuntary Servitude_rate,-0.264956644,0.490822777
CT,Larceny - Theft_rate,0.002818966,0.994257288
CT,Liquor Laws_rate,0.336485424,0.375943827
CT,Manslaughter by Negligence_rate,0.554989576,0.120887329
CT,Motor Vehicle Theft_rate,-0.240736243,0.532647746
CT,Murder and Nonnegligent Manslaughter_rate,0.635643629,0.065787395
CT,Offenses Against the Family and Children_rate,0.226313377,0.558185352
CT,Prostitution and Commercialized Vice_rate,0.069611326,0.858760373
CT,Rape_rate,0.042548471,0.913451628
CT,Robbery_rate,-0.021914157,0.955374707
CT,Simple Assault_rate,-0.139256412,0.720853779
CT,"Stolen Property: Buying, Receiving, Possessing_rate",-0.464318577,0.207984046
CT,Suspicion_rate,,
CT,Vagrancy_rate,0.2731932,0.476917777
CT,Vandalism_rate,0.007084914,0.985567336
CT,"Weapons: Carrying, Possessing, Etc._rate",-0.339020824,0.372128199
CT,"Sex Offenses (Except Rape, and Prostitution and Commercialized Vice)_rate",-0.068959205,0.860072975
DE,Aggravated Assault_rate,-0.081427585,0.835030919
DE,All Other Offenses (Except Traffic)_rate,-0.348076882,0.358650866
DE,Arson_rate,-0.165066104,0.671272021
DE,Burglary_rate,-0.091685058,0.814524201
DE,Curfew and Loitering Law Violations_rate,-0.080481045,0.836927756
DE,Disorderly Conduct_rate,-0.221379679,0.567024026
DE,Driving Under the Influence_rate,-0.749400773,0.020097072
DE,Drug Abuse Violations - Grand Total_rate,0.020573312,0.958103174
DE,Drunkenness_rate,-0.179493333,0.64401474
DE,Embezzlement_rate,-0.282926099,0.460703541
DE,Forgery and Counterfeiting_rate,-0.333803365,0.380000189
DE,Fraud_rate,-0.293886477,0.442733075
DE,Gambling - Total_rate,-0.414265337,0.267632221
DE,Human Trafficking - Commercial Sex Acts_rate,-0.479324004,0.19169616
DE,Human Trafficking - Involuntary Servitude_rate,,
DE,Larceny - Theft_rate,-0.135589691,0.727975852
DE,Liquor Laws_rate,-0.175259424,0.651977459
DE,Manslaughter by Negligence_rate,0.042283203,0.9139896
DE,Motor Vehicle Theft_rate,0.027848048,0.943305073
DE,Murder and Nonnegligent Manslaughter_rate,-0.162479062,0.676195979
DE,Offenses Against the Family and Children_rate,-0.106702132,0.784680028
DE,Prostitution and Commercialized Vice_rate,-0.562019977,0.115262648
DE,Rape_rate,0.075644587,0.846631044
DE,Robbery_rate,-0.142888445,0.713817336
DE,Simple Assault_rate,-0.285792446,0.455974074
DE,"Stolen Property: Buying, Receiving, Possessing_rate",0.038773572,0.921110019
DE,Suspicion_rate,,
DE,Vagrancy_rate,0.016196872,0.967011216
DE,Vandalism_rate,0.244393601,0.526245125
DE,"Weapons: Carrying, Possessing, Etc._rate",0.230142598,0.551361032
DE,"Sex Offenses (Except Rape, and Prostitution and Commercialized Vice)_rate",0.116744688,0.764854356
FL,Aggravated Assault_rate,0.389379273,0.445449197
FL,All Other Offenses (Except Traffic)_rate,0.150024007,0.7766523
FL,Arson_rate,0.408995975,0.420713992
FL,Burglary_rate,0.305179373,0.556442298
FL,Curfew and Loitering Law Violations_rate,-0.344005108,0.504347037
FL,Disorderly Conduct_rate,-0.251587719,0.630580718
FL,Driving Under the Influence_rate,0.297347883,0.567123296
FL,Drug Abuse Violations - Grand Total_rate,-0.27190992,0.60218695
FL,Drunkenness_rate,-0.064366418,0.90358371
FL,Embezzlement_rate,0.09337352,0.860346764
FL,Forgery and Counterfeiting_rate,0.139548023,0.79203672
FL,Fraud_rate,0.199853581,0.704210849
FL,Gambling - Total_rate,0.460105555,0.358543178
FL,Human Trafficking - Commercial Sex Acts_rate,-0.345400519,0.502502625
FL,Human Trafficking - Involuntary Servitude_rate,0.107784997,0.838948607
FL,Larceny - Theft_rate,0.195340032,0.710716818
FL,Liquor Laws_rate,0.051945246,0.922152213
FL,Manslaughter by Negligence_rate,0.527194995,0.282470362
FL,Motor Vehicle Theft_rate,0.331996041,0.520302468
FL,Murder and Nonnegligent Manslaughter_rate,0.464343244,0.353544737
FL,Offenses Against the Family and Children_rate,-0.298631877,0.565368329
FL,Prostitution and Commercialized Vice_rate,-0.023107376,0.965345105
FL,Rape_rate,0.39116354,0.443180444
FL,Robbery_rate,0.320328941,0.535941166
FL,Simple Assault_rate,0.346503767,0.501045812
FL,"Stolen Property: Buying, Receiving, Possessing_rate",0.258203695,0.621301568
FL,Suspicion_rate,,
FL,Vagrancy_rate,-0.28489536,0.584218778
FL,Vandalism_rate,0.353310741,0.492085509
FL,"Weapons: Carrying, Possessing, Etc._rate",0.475740031,0.340226735
FL,"Sex Offenses (Except Rape, and Prostitution and Commercialized Vice)_rate",0.34692312,0.500492399
GA,Aggravated Assault_rate,0.018048273,0.963242339
GA,All Other Offenses (Except Traffic)_rate,0.32440155,0.394380649
GA,Arson_rate,0.406369692,0.27777724
GA,Burglary_rate,0.536168469,0.13673851
GA,Curfew and Loitering Law Violations_rate,0.552031783,0.123301743
GA,Disorderly Conduct_rate,0.51024244,0.160479645
GA,Driving Under the Influence_rate,0.26506313,0.490641951
GA,Drug Abuse Violations - Grand Total_rate,0.14222794,0.715095579
GA,Drunkenness_rate,0.471897274,0.199664926
GA,Embezzlement_rate,0.532403095,0.140049081
GA,Forgery and Counterfeiting_rate,0.477639083,0.193488101
GA,Fraud_rate,0.41352533,0.268574647
GA,Gambling - Total_rate,0.597633178,0.08921156
GA,Human Trafficking - Commercial Sex Acts_rate,-0.112470367,0.773278777
GA,Human Trafficking - Involuntary Servitude_rate,-0.43947247,0.236577662
GA,Larceny - Theft_rate,0.501451319,0.169033868
GA,Liquor Laws_rate,0.596535424,0.089954391
GA,Manslaughter by Negligence_rate,-0.096111317,0.80570458
GA,Motor Vehicle Theft_rate,0.26881722,0.484284653
GA,Murder and Nonnegligent Manslaughter_rate,0.070803126,0.856362266
GA,Offenses Against the Family and Children_rate,0.267281589,0.486880994
GA,Prostitution and Commercialized Vice_rate,0.45694212,0.216262395
GA,Rape_rate,0.171434739,0.65919682
GA,Robbery_rate,0.474286905,0.197081045
GA,Simple Assault_rate,0.440521012,0.23533029
GA,"Stolen Property: Buying, Receiving, Possessing_rate",0.252758059,0.511716895
GA,Suspicion_rate,0.630846122,0.068501446
GA,Vagrancy_rate,0.288479838,0.451558997
GA,Vandalism_rate,0.237866028,0.537693406
GA,"Weapons: Carrying, Possessing, Etc._rate",0.063503127,0.871066447
GA,"Sex Offenses (Except Rape, and Prostitution and Commercialized Vice)_rate",0.413864335,0.268142695
HI,Aggravated Assault_rate,0.084003672,0.829872269
HI,All Other Offenses (Except Traffic)_rate,0.811849969,0.007871676
HI,Arson_rate,0.370833605,0.325849197
HI,Burglary_rate,-0.008351812,0.982986818
HI,Curfew and Loitering Law Violations_rate,-0.420600898,0.259635085
HI,Disorderly Conduct_rate,0.19854728,0.608575621
HI,Driving Under the Influence_rate,-0.484606947,0.186138427
HI,Drug Abuse Violations - Grand Total_rate,-0.251104816,0.514575614
HI,Drunkenness_rate,0.161757053,0.677572095
HI,Embezzlement_rate,-0.153949669,0.692504632
HI,Forgery and Counterfeiting_rate,-0.282844378,0.460838688
HI,Fraud_rate,-0.160229723,0.680485834
HI,Gambling - Total_rate,-0.535413705,0.137398375
HI,Human Trafficking - Commercial Sex Acts_rate,-0.085310369,0.827257727
HI,Human Trafficking - Involuntary Servitude_rate,-0.128594342,0.741613008
HI,Larceny - Theft_rate,-0.409714352,0.273455607
HI,Liquor Laws_rate,0.457261616,0.215900139
HI,Manslaughter by Negligence_rate,0.001230935,0.997492362
HI,Motor Vehicle Theft_rate,-0.27255474,0.47798967
HI,Murder and Nonnegligent Manslaughter_rate,0.67291231,0.04699481
HI,Offenses Against the Family and Children_rate,-0.129654775,0.739541635
HI,Prostitution and Commercialized Vice_rate,-0.326912191,0.390516138
HI,Rape_rate,-0.032031517,0.934801696
HI,Robbery_rate,-0.26150403,0.496700552
HI,Simple Assault_rate,-0.102768694,0.79247519
HI,"Stolen Property: Buying, Receiving, Possessing_rate",0.144552245,0.710600198
HI,Suspicion_rate,0.161757053,0.677572095
HI,Vagrancy_rate,0.700127889,0.035721202
HI,Vandalism_rate,-0.167089265,0.667428821
HI,"Weapons: Carrying, Possessing, Etc._rate",0.403832074,0.281079666
HI,"Sex Offenses (Except Rape, and Prostitution and Commercialized Vice)_rate",-0.372825797,0.323051471
ID,Aggravated Assault_rate,-0.399377804,0.28692541
ID,All Other Offenses (Except Traffic)_rate,-0.177752459,0.647285065
ID,Arson_rate,0.163761633,0.673753501
ID,Burglary_rate,0.174728687,0.652977783
ID,Curfew and Loitering Law Violations_rate,0.23135887,0.549200037
ID,Disorderly Conduct_rate,0.21571035,0.577243371
ID,Driving Under the Influence_rate,-0.216433881,0.575935468
ID,Drug Abuse Violations - Grand Total_rate,-0.607802,0.082509596
ID,Drunkenness_rate,0.049666722,0.899027545
ID,Embezzlement_rate,0.37688333,0.317390566
ID,Forgery and Counterfeiting_rate,-0.093500902,0.810903775
ID,Fraud_rate,0.597579408,0.089247857
ID,Gambling - Total_rate,-0.351340944,0.35385179
ID,Human Trafficking - Commercial Sex Acts_rate,,
ID,Human Trafficking - Involuntary Servitude_rate,,
ID,Larceny - Theft_rate,0.193617885,0.617680062
ID,Liquor Laws_rate,0.337336939,0.374660291
ID,Manslaughter by Negligence_rate,0.462637598,0.209854842
ID,Motor Vehicle Theft_rate,0.119015715,0.760386914
ID,Murder and Nonnegligent Manslaughter_rate,0.160651731,0.679680388
ID,Offenses Against the Family and Children_rate,0.291586843,0.446477771
ID,Prostitution and Commercialized Vice_rate,0.37154062,0.324854927
ID,Rape_rate,-0.53890802,0.134359129
ID,Robbery_rate,0.060848881,0.876421519
ID,Simple Assault_rate,0.032741715,0.933358684
ID,"Stolen Property: Buying, Receiving, Possessing_rate",0.32532823,0.392952198
ID,Suspicion_rate,0.441982616,0.233597485
ID,Vagrancy_rate,0.712312575,0.031305091
ID,Vandalism_rate,0.289373498,0.450094937
ID,"Weapons: Carrying, Possessing, Etc._rate",-0.082736369,0.832409368
ID,"Sex Offenses (Except Rape, and Prostitution and Commercialized Vice)_rate",0.05110008,0.89612603
IL,Aggravated Assault_rate,-0.272521704,0.478045161
IL,All Other Offenses (Except Traffic)_rate,-0.140812262,0.717837335
IL,Arson_rate,-0.217928465,0.573237159
IL,Burglary_rate,-0.104226249,0.789584764
IL,Curfew and Loitering Law Violations_rate,-0.076675443,0.844561323
IL,Disorderly Conduct_rate,0.117542,0.763285236
IL,Driving Under the Influence_rate,-0.105763731,0.786538241
IL,Drug Abuse Violations - Grand Total_rate,-0.06885443,0.860283897
IL,Drunkenness_rate,,
IL,Embezzlement_rate,-0.119280474,0.75986649
IL,Forgery and Counterfeiting_rate,-0.130299591,0.738282807
IL,Fraud_rate,-0.110942385,0.776295358
IL,Gambling - Total_rate,0.109071102,0.779993215
IL,Human Trafficking - Commercial Sex Acts_rate,,
IL,Human Trafficking - Involuntary Servitude_rate,-0.245109451,0.52499549
IL,Larceny - Theft_rate,-0.244177791,0.526622086
IL,Liquor Laws_rate,-0.029905869,0.939121652
IL,Manslaughter by Negligence_rate,-0.323675955,0.39550081
IL,Motor Vehicle Theft_rate,-0.365674625,0.333149912
IL,Murder and Nonnegligent Manslaughter_rate,-0.344165561,0.364442568
IL,Offenses Against the Family and Children_rate,-0.410977073,0.271833255
IL,Prostitution and Commercialized Vice_rate,0.257726571,0.503164043
IL,Rape_rate,-0.274151115,0.475311454
IL,Robbery_rate,-0.250935354,0.514868999
IL,Simple Assault_rate,-0.27662229,0.471178091
IL,"Stolen Property: Buying, Receiving, Possessing_rate",-0.189428091,0.625454098
IL,Suspicion_rate,,
IL,Vagrancy_rate,0.034044334,0.930712404
IL,Vandalism_rate,-0.20244078,0.601417101
IL,"Weapons: Carrying, Possessing, Etc._rate",-0.388007884,0.302128459
IL,"Sex Offenses (Except Rape, and Prostitution and Commercialized Vice)_rate",-0.030652615,0.937603878
IN,Aggravated Assault_rate,-0.008014692,0.983673478
IN,All Other Offenses (Except Traffic)_rate,-0.213706728,0.580870834
IN,Arson_rate,0.141638247,0.716237303
IN,Burglary_rate,0.195819152,0.613608736
IN,Curfew and Loitering Law Violations_rate,0.251994913,0.513035706
IN,Disorderly Conduct_rate,0.08733787,0.823203859
IN,Driving Under the Influence_rate,0.440076942,0.235858131
IN,Drug Abuse Violations - Grand Total_rate,0.201299245,0.603512888
IN,Drunkenness_rate,0.370463455,0.326370338
IN,Embezzlement_rate,-0.4883221,0.182285248
IN,Forgery and Counterfeiting_rate,-0.047210083,0.90400286
IN,Fraud_rate,-0.295870277,0.439513785
IN,Gambling - Total_rate,-0.262181334,0.49554524
IN,Human Trafficking - Commercial Sex Acts_rate,-0.120423838,0.757619995
IN,Human Trafficking - Involuntary Servitude_rate,-0.289863632,0.449292841
IN,Larceny - Theft_rate,0.194594539,0.615872584
IN,Liquor Laws_rate,0.127284046,0.744174424
IN,Manslaughter by Negligence_rate,0.106709011,0.784666408
IN,Motor Vehicle Theft_rate,-0.294538581,0.441673709
IN,Murder and Nonnegligent Manslaughter_rate,0.361299161,0.339404503
IN,Offenses Against the Family and Children_rate,0.035041602,0.928686841
IN,Prostitution and Commercialized Vice_rate,0.206806108,0.593426017
IN,Rape_rate,-0.179672642,0.643678197
IN,Robbery_rate,-0.026125939,0.946806938
IN,Simple Assault_rate,-0.115986996,0.766346189
IN,"Stolen Property: Buying, Receiving, Possessing_rate",0.557964392,0.118487735
IN,Suspicion_rate,0.414305638,0.267580945
IN,Vagrancy_rate,0.37507774,0.319903466
IN,Vandalism_rate,0.075945216,0.846027366
IN,"Weapons: Carrying, Possessing, Etc._rate",-0.179218407,0.644530853
IN,"Sex Offenses (Except Rape, and Prostitution and Commercialized Vice)_rate",0.14990855,0.700270234
IA,Aggravated Assault_rate,0.371482857,0.324936102
IA,All Other Offenses (Except Traffic)_rate,-0.271259032,0.480168096
IA,Arson_rate,0.30262346,0.428632573
IA,Burglary_rate,0.320553032,0.400338682
IA,Curfew and Loitering Law Violations_rate,0.334357014,0.379161166
IA,Disorderly Conduct_rate,0.131206624,0.736512981
IA,Driving Under the Influence_rate,0.021586746,0.956040916
IA,Drug Abuse Violations - Grand Total_rate,-0.144155038,0.711367884
IA,Drunkenness_rate,0.197325487,0.610827962
IA,Embezzlement_rate,-0.141496513,0.71651179
IA,Forgery and Counterfeiting_rate,-0.00164407,0.996650736
IA,Fraud_rate,-0.269420748,0.483265827
IA,Gambling - Total_rate,-0.739388788,0.022805031
IA,Human Trafficking - Commercial Sex Acts_rate,-0.330311785,0.385311559
IA,Human Trafficking - Involuntary Servitude_rate,,
IA,Larceny - Theft_rate,0.156363054,0.687878703
IA,Liquor Laws_rate,0.216798793,0.575276233
IA,Manslaughter by Negligence_rate,0.031439453,0.936004806
IA,Motor Vehicle Theft_rate,-0.211294875,0.585248179
IA,Murder and Nonnegligent Manslaughter_rate,0.384222202,0.307279431
IA,Offenses Against the Family and Children_rate,0.346320495,0.361246133
IA,Prostitution and Commercialized Vice_rate,0.319203699,0.402437382
IA,Rape_rate,-0.258842691,0.50125075
IA,Robbery_rate,0.403319347,0.281749388
IA,Simple Assault_rate,0.215207267,0.578153409
IA,"Stolen Property: Buying, Receiving, Possessing_rate",-0.291850396,0.446047906
IA,Suspicion_rate,,
IA,Vagrancy_rate,0.042983534,0.912569372
IA,Vandalism_rate,0.626035762,0.07129213
IA,"Weapons: Carrying, Possessing, Etc._rate",0.27361519,0.476209863
IA,"Sex Offenses (Except Rape, and Prostitution and Commercialized Vice)_rate",0.423595041,0.255900334
KS,Aggravated Assault_rate,-0.100283928,0.797407674
KS,All Other Offenses (Except Traffic)_rate,-0.392283255,0.296364522
KS,Arson_rate,-0.007179535,0.9853746
KS,Burglary_rate,0.3214601,0.398930702
KS,Curfew and Loitering Law Violations_rate,,
KS,Disorderly Conduct_rate,0.194922433,0.615266157
KS,Driving Under the Influence_rate,-0.003310103,0.993256775
KS,Drug Abuse Violations - Grand Total_rate,0.000740851,0.998490751
KS,Drunkenness_rate,0.377537755,0.316482236
KS,Embezzlement_rate,0.407768642,0.275965353
KS,Forgery and Counterfeiting_rate,0.443585912,0.231704681
KS,Fraud_rate,0.392278169,0.296371346
KS,Gambling - Total_rate,0.019597468,0.960089141
KS,Human Trafficking - Commercial Sex Acts_rate,,
KS,Human Trafficking - Involuntary Servitude_rate,,
KS,Larceny - Theft_rate,0.359799563,0.341561294
KS,Liquor Laws_rate,0.336645221,0.375702797
KS,Manslaughter by Negligence_rate,-0.611313676,0.080269823
KS,Motor Vehicle Theft_rate,0.27673247,0.470994154
KS,Murder and Nonnegligent Manslaughter_rate,0.026875906,0.945281799
KS,Offenses Against the Family and Children_rate,-0.188040557,0.628035725
KS,Prostitution and Commercialized Vice_rate,-0.288487265,0.451546822
KS,Rape_rate,0.038369166,0.921930808
KS,Robbery_rate,0.268277034,0.485197307
KS,Simple Assault_rate,0.219901498,0.569682128
KS,"Stolen Property: Buying, Receiving, Possessing_rate",0.253851586,0.509829513
KS,Suspicion_rate,0.403688801,0.281266726
KS,Vagrancy_rate,,
KS,Vandalism_rate,0.086529734,0.82481925
KS,"Weapons: Carrying, Possessing, Etc._rate",0.044524561,0.909445022
KS,"Sex Offenses (Except Rape, and Prostitution and Commercialized Vice)_rate",0.199065769,0.607620661
KY,Aggravated Assault_rate,0.426897774,0.251814014
KY,All Other Offenses (Except Traffic)_rate,-0.724705856,0.0271953
KY,Arson_rate,0.162123131,0.676874262
KY,Burglary_rate,0.458766593,0.214198238
KY,Curfew and Loitering Law Violations_rate,-0.534946281,0.137807968
KY,Disorderly Conduct_rate,0.349034661,0.357239432
KY,Driving Under the Influence_rate,0.350595349,0.354945271
KY,Drug Abuse Violations - Grand Total_rate,-0.246485621,0.522596433
KY,Drunkenness_rate,0.199607165,0.606624057
KY,Embezzlement_rate,0.245371198,0.524538857
KY,Forgery and Counterfeiting_rate,-0.048317374,0.901759949
KY,Fraud_rate,-0.08860203,0.820678069
KY,Gambling - Total_rate,-0.18979622,0.624769752
KY,Human Trafficking - Commercial Sex Acts_rate,-0.174687442,0.653055541
KY,Human Trafficking - Involuntary Servitude_rate,0.218174059,0.572794205
KY,Larceny - Theft_rate,0.311504776,0.414507951
KY,Liquor Laws_rate,0.277449626,0.469797668
KY,Manslaughter by Negligence_rate,-0.104856549,0.788335524
KY,Motor Vehicle Theft_rate,-0.355931194,0.347155832
KY,Murder and Nonnegligent Manslaughter_rate,-0.350439699,0.355173751
KY,Offenses Against the Family and Children_rate,-0.149804271,0.700470943
KY,Prostitution and Commercialized Vice_rate,0.111431235,0.775329974
KY,Rape_rate,-0.524487865,0.147160391
KY,Robbery_rate,0.375380841,0.319480936
KY,Simple Assault_rate,0.123220151,0.752132407
KY,"Stolen Property: Buying, Receiving, Possessing_rate",-0.304826374,0.425109316
KY,Suspicion_rate,,
KY,Vagrancy_rate,0.337684666,0.374136739
KY,Vandalism_rate,-0.141463721,0.7165753
KY,"Weapons: Carrying, Possessing, Etc._rate",0.009352324,0.980948992
KY,"Sex Offenses (Except Rape, and Prostitution and Commercialized Vice)_rate",0.291838469,0.446067355
LA,Aggravated Assault_rate,0.096941174,0.804053113
LA,All Other Offenses (Except Traffic)_rate,-0.01659303,0.966204712
LA,Arson_rate,-0.500238923,0.17023365
LA,Burglary_rate,-0.10474522,0.788556145
LA,Curfew and Loitering Law Violations_rate,0.23140162,0.549124139
LA,Disorderly Conduct_rate,-0.035914853,0.926913461
LA,Driving Under the Influence_rate,-0.072342339,0.853266612
LA,Drug Abuse Violations - Grand Total_rate,-0.235494185,0.541876768
LA,Drunkenness_rate,-0.039144005,0.920358241
LA,Embezzlement_rate,-0.710296107,0.032009852
LA,Forgery and Counterfeiting_rate,-0.190693096,0.623103512
LA,Fraud_rate,-0.053699687,0.890866438
LA,Gambling - Total_rate,-0.497635293,0.172826626
LA,Human Trafficking - Commercial Sex Acts_rate,-0.114319454,0.769631779
LA,Human Trafficking - Involuntary Servitude_rate,0.027158125,0.944707916
LA,Larceny - Theft_rate,-0.041532665,0.915511879
LA,Liquor Laws_rate,-0.157295607,0.686093591
LA,Manslaughter by Negligence_rate,0.125672649,0.747327424
LA,Motor Vehicle Theft_rate,-0.353265603,0.351036663
LA,Murder and Nonnegligent Manslaughter_rate,0.239715702,0.534439687
LA,Offenses Against the Family and Children_rate,-0.102469129,0.793069519
LA,Prostitution and Commercialized Vice_rate,0.066825253,0.864370302
LA,Rape_rate,-0.130811729,0.737283379
LA,Robbery_rate,-0.188542855,0.62710075
LA,Simple Assault_rate,-0.276568091,0.471268582
LA,"Stolen Property: Buying, Receiving, Possessing_rate",-0.382160165,0.310103714
LA,Suspicion_rate,-0.212462899,0.58312683
LA,Vagrancy_rate,0.063520618,0.871031174
LA,Vandalism_rate,-0.320628357,0.400221672
LA,"Weapons: Carrying, Possessing, Etc._rate",-0.350421849,0.355199957
LA,"Sex Offenses (Except Rape, and Prostitution and Commercialized Vice)_rate",-0.248996831,0.518229846
ME,Aggravated Assault_rate,0.091017383,0.815856178
ME,All Other Offenses (Except Traffic)_rate,0.060064369,0.878005149
ME,Arson_rate,-0.081953488,0.833977343
ME,Burglary_rate,0.457886838,0.215192206
ME,Curfew and Loitering Law Violations_rate,0.780199212,0.013121858
ME,Disorderly Conduct_rate,0.170727295,0.660534862
ME,Driving Under the Influence_rate,-0.181816227,0.639659283
ME,Drug Abuse Violations - Grand Total_rate,0.478426761,0.192649226
ME,Drunkenness_rate,0.225886651,0.558947792
ME,Embezzlement_rate,0.140455815,0.71852811
ME,Forgery and Counterfeiting_rate,0.163749145,0.67377727
ME,Fraud_rate,0.236174805,0.540675046
ME,Gambling - Total_rate,0.199083264,0.607588446
ME,Human Trafficking - Commercial Sex Acts_rate,-0.433888353,0.243280691
ME,Human Trafficking - Involuntary Servitude_rate,-0.339952598,0.370730575
ME,Larceny - Theft_rate,0.235239981,0.542325859
ME,Liquor Laws_rate,0.281739181,0.462668079
ME,Manslaughter by Negligence_rate,-0.06791844,0.862168464
ME,Motor Vehicle Theft_rate,0.338774824,0.372497606
ME,Murder and Nonnegligent Manslaughter_rate,0.068570131,0.860856254
ME,Offenses Against the Family and Children_rate,-0.261482156,0.496737882
ME,Prostitution and Commercialized Vice_rate,-0.156367463,0.687870261
ME,Rape_rate,0.161708203,0.677665231
ME,Robbery_rate,0.363027986,0.336926355
ME,Simple Assault_rate,0.184083435,0.6354174
ME,"Stolen Property: Buying, Receiving, Possessing_rate",0.659471738,0.05331228
ME,Suspicion_rate,-0.333984775,0.379725177
ME,Vagrancy_rate,0.010075997,0.979475085
ME,Vandalism_rate,0.42428337,0.255045807
ME,"Weapons: Carrying, Possessing, Etc._rate",0.626941763,0.070761189
ME,"Sex Offenses (Except Rape, and Prostitution and Commercialized Vice)_rate",0.109706716,0.77873674
MD,Aggravated Assault_rate,-0.132208351,0.734559632
MD,All Other Offenses (Except Traffic)_rate,-0.075715407,0.846488827
MD,Arson_rate,0.111588024,0.775020402
MD,Burglary_rate,0.1191075,0.760206487
MD,Curfew and Loitering Law Violations_rate,0.171965193,0.658194081
MD,Disorderly Conduct_rate,0.073040294,0.851863457
MD,Driving Under the Influence_rate,-0.036477417,0.925771165
MD,Drug Abuse Violations - Grand Total_rate,0.056333113,0.885542179
MD,Drunkenness_rate,0.011828811,0.975905353
MD,Embezzlement_rate,0.203420776,0.599619902
MD,Forgery and Counterfeiting_rate,0.11411622,0.770032433
MD,Fraud_rate,0.005926714,0.987926551
MD,Gambling - Total_rate,0.254680706,0.508400352
MD,Human Trafficking - Commercial Sex Acts_rate,-0.353279262,0.351016722
MD,Human Trafficking - Involuntary Servitude_rate,-0.496436522,0.17402803
MD,Larceny - Theft_rate,0.083089899,0.831701477
MD,Liquor Laws_rate,0.109986175,0.77818445
MD,Manslaughter by Negligence_rate,0.017415872,0.964529643
MD,Motor Vehicle Theft_rate,-0.249457656,0.51743012
MD,Murder and Nonnegligent Manslaughter_rate,0.052403448,0.893488573
MD,Offenses Against the Family and Children_rate,-0.090131122,0.817624851
MD,Prostitution and Commercialized Vice_rate,-0.090166162,0.817554911
MD,Rape_rate,-0.148054714,0.703840752
MD,Robbery_rate,-0.121579643,0.755350652
MD,Simple Assault_rate,-0.063545634,0.870980725
MD,"Stolen Property: Buying, Receiving, Possessing_rate",-0.044589592,0.909313199
MD,Suspicion_rate,0.08026547,0.837359863
MD,Vagrancy_rate,0.276608661,0.471200845
MD,Vandalism_rate,-0.015454372,0.968522877
MD,"Weapons: Carrying, Possessing, Etc._rate",-0.298562099,0.435162062
MD,"Sex Offenses (Except Rape, and Prostitution and Commercialized Vice)_rate",0.074100462,0.849732808
MA,Aggravated Assault_rate,-0.317783713,0.404651413
MA,All Other Offenses (Except Traffic)_rate,-0.633800213,0.066822115
MA,Arson_rate,0.301956431,0.429701952
MA,Burglary_rate,-0.196026294,0.613226088
MA,Curfew and Loitering Law Violations_rate,-0.211077258,0.585643716
MA,Disorderly Conduct_rate,-0.318193004,0.404012679
MA,Driving Under the Influence_rate,-0.696773805,0.037003933
MA,Drug Abuse Violations - Grand Total_rate,-0.259130579,0.500757723
MA,Drunkenness_rate,-0.340534037,0.369859706
MA,Embezzlement_rate,-0.402830786,0.282388314
MA,Forgery and Counterfeiting_rate,-0.501592188,0.168894779
MA,Fraud_rate,-0.482675074,0.188160096
MA,Gambling - Total_rate,0.186014584,0.631811489
MA,Human Trafficking - Commercial Sex Acts_rate,-0.254971205,0.507899998
MA,Human Trafficking - Involuntary Servitude_rate,0.174304367,0.653777881
MA,Larceny - Theft_rate,-0.283975073,0.458970305
MA,Liquor Laws_rate,-0.174889332,0.652674951
MA,Manslaughter by Negligence_rate,0.177496657,0.647766044
MA,Motor Vehicle Theft_rate,-0.331580308,0.383377888
MA,Murder and Nonnegligent Manslaughter_rate,0.021289054,0.956646673
MA,Offenses Against the Family and Children_rate,-0.15315073,0.694037971
MA,Prostitution and Commercialized Vice_rate,-0.413347643,0.268801196
MA,Rape_rate,-0.637885659,0.06454257
MA,Robbery_rate,-0.234732236,0.543223298
MA,Simple Assault_rate,-0.455548379,0.21784658
MA,"Stolen Property: Buying, Receiving, Possessing_rate",-0.168436583,0.664873153
MA,Suspicion_rate,0.120049404,0.758355516
MA,Vagrancy_rate,-0.264199823,0.49210874
MA,Vandalism_rate,-0.221438486,0.566918372
MA,"Weapons: Carrying, Possessing, Etc._rate",-0.417494482,0.263540193
MA,"Sex Offenses (Except Rape, and Prostitution and Commercialized Vice)_rate",-0.40990096,0.273215535
MI,Aggravated Assault_rate,0.175759764,0.651034863
MI,All Other Offenses (Except Traffic)_rate,-0.342512954,0.366903029
MI,Arson_rate,-0.109891451,0.778371643
MI,Burglary_rate,0.079938172,0.838015987
MI,Curfew and Loitering Law Violations_rate,-0.009230986,0.981196124
MI,Disorderly Conduct_rate,-0.096702872,0.80452728
MI,Driving Under the Influence_rate,-0.173076662,0.656094554
MI,Drug Abuse Violations - Grand Total_rate,-0.112548003,0.773125577
MI,Drunkenness_rate,-0.026135545,0.946787402
MI,Embezzlement_rate,-0.526133669,0.145664749
MI,Forgery and Counterfeiting_rate,-0.327448395,0.389693078
MI,Fraud_rate,-0.262157824,0.495585325
MI,Gambling - Total_rate,-0.296315734,0.438792321
MI,Human Trafficking - Commercial Sex Acts_rate,-0.080206574,0.837477924
MI,Human Trafficking - Involuntary Servitude_rate,-0.460672494,0.21205361
MI,Larceny - Theft_rate,-0.155860471,0.688841313
MI,Liquor Laws_rate,0.078642286,0.840614644
MI,Manslaughter by Negligence_rate,0.230205131,0.551249849
MI,Motor Vehicle Theft_rate,-0.139325337,0.720720078
MI,Murder and Nonnegligent Manslaughter_rate,0.1036887,0.790650502
MI,Offenses Against the Family and Children_rate,-0.064634679,0.868784853
MI,Prostitution and Commercialized Vice_rate,0.017126525,0.965118656
MI,Rape_rate,-0.479788782,0.19120351
MI,Robbery_rate,0.086076824,0.825724826
MI,Simple Assault_rate,-0.521931904,0.149500855
MI,"Stolen Property: Buying, Receiving, Possessing_rate",-0.117741765,0.762892212
MI,Suspicion_rate,-0.039147781,0.920350577
MI,Vagrancy_rate,-0.0129564,0.973609131
MI,Vandalism_rate,-0.512664034,0.1581682
MI,"Weapons: Carrying, Possessing, Etc._rate",0.359728053,0.341664311
MI,"Sex Offenses (Except Rape, and Prostitution and Commercialized Vice)_rate",-0.390568991,0.298668835
MN,Aggravated Assault_rate,0.096707603,0.804517866
MN,All Other Offenses (Except Traffic)_rate,-0.79444316,0.010535638
MN,Arson_rate,0.388404882,0.301590851
MN,Burglary_rate,0.258507462,0.501825101
MN,Curfew and Loitering Law Violations_rate,0.130782293,0.737340814
MN,Disorderly Conduct_rate,-0.07510114,0.847722489
MN,Driving Under the Influence_rate,-0.546345957,0.12802316
MN,Drug Abuse Violations - Grand Total_rate,-0.299684963,0.433352444
MN,Drunkenness_rate,-0.062698923,0.8726885
MN,Embezzlement_rate,-0.145916671,0.707964879
MN,Forgery and Counterfeiting_rate,-0.044966417,0.90854938
MN,Fraud_rate,-0.217841733,0.573393618
MN,Gambling - Total_rate,-0.138495965,0.722329331
MN,Human Trafficking - Commercial Sex Acts_rate,-0.589464709,0.094829936
MN,Human Trafficking - Involuntary Servitude_rate,0.223487294,0.56324197
MN,Larceny - Theft_rate,-0.040715477,0.917169611
MN,Liquor Laws_rate,0.051829367,0.894650157
MN,Manslaughter by Negligence_rate,0.029494781,0.939957269
MN,Motor Vehicle Theft_rate,-0.136751526,0.72571718
MN,Murder and Nonnegligent Manslaughter_rate,-0.038168096,0.922338927
MN,Offenses Against the Family and Children_rate,-0.08081905,0.83625032
MN,Prostitution and Commercialized Vice_rate,0.011772148,0.976020747
MN,Rape_rate,-0.227590777,0.555905315
MN,Robbery_rate,0.294299495,0.442061984
MN,Simple Assault_rate,-0.138961953,0.721425044
MN,"Stolen Property: Buying, Receiving, Possessing_rate",0.300605742,0.431871001
MN,Suspicion_rate,0.024016133,0.951098245
MN,Vagrancy_rate,-0.048200337,0.901996989
MN,Vandalism_rate,0.201735238,0.602712135
MN,"Weapons: Carrying, Possessing, Etc._rate",-0.005421996,0.988954671
MN,"Sex Offenses (Except Rape, and Prostitution and Commercialized Vice)_rate",0.036178258,0.9263786
MS,Aggravated Assault_rate,0.633066825,0.067236591
MS,All Other Offenses (Except Traffic)_rate,0.048849198,0.900682908
MS,Arson_rate,0.523044058,0.14847982
MS,Burglary_rate,0.280898171,0.464062247
MS,Curfew and Loitering Law Violations_rate,0.460198186,0.212586215
MS,Disorderly Conduct_rate,0.418291503,0.26253531
MS,Driving Under the Influence_rate,0.288065075,0.452239193
MS,Drug Abuse Violations - Grand Total_rate,0.10472974,0.788586822
MS,Drunkenness_rate,0.234332131,0.54393088
MS,Embezzlement_rate,0.124828436,0.748980582
MS,Forgery and Counterfeiting_rate,0.182177445,0.638982846
MS,Fraud_rate,0.155466097,0.689596937
MS,Gambling - Total_rate,0.302735537,0.428453008
MS,Human Trafficking - Commercial Sex Acts_rate,-0.560138813,0.116751956
MS,Human Trafficking - Involuntary Servitude_rate,-0.21736855,0.574247487
MS,Larceny - Theft_rate,0.314516642,0.409766505
MS,Liquor Laws_rate,0.206751684,0.593525414
MS,Manslaughter by Negligence_rate,0.572035974,0.10752567
MS,Motor Vehicle Theft_rate,0.361585539,0.338993383
MS,Murder and Nonnegligent Manslaughter_rate,0.705091626,0.033876391
MS,Offenses Against the Family and Children_rate,0.401914892,0.283588116
MS,Prostitution and Commercialized Vice_rate,0.50394674,0.166579711
MS,Rape_rate,0.486441637,0.184229873
MS,Robbery_rate,0.155720287,0.689109879
MS,Simple Assault_rate,0.218065904,0.572989259
MS,"Stolen Property: Buying, Receiving, Possessing_rate",0.108028304,0.782055558
MS,Suspicion_rate,0.582135748,0.100050561
MS,Vagrancy_rate,0.109438538,0.779266818
MS,Vandalism_rate,0.208276474,0.590742824
MS,"Weapons: Carrying, Possessing, Etc._rate",0.097842771,0.802259641
MS,"Sex Offenses (Except Rape, and Prostitution and Commercialized Vice)_rate",0.228852675,0.553656377
MO,Aggravated Assault_rate,0.154193219,0.692037399
MO,All Other Offenses (Except Traffic)_rate,0.152275121,0.695719559
MO,Arson_rate,-0.062504942,0.873079814
MO,Burglary_rate,0.294231407,0.442172587
MO,Curfew and Loitering Law Violations_rate,0.524601496,0.147056841
MO,Disorderly Conduct_rate,0.311074519,0.415187304
MO,Driving Under the Influence_rate,0.343596655,0.365288682
MO,Drug Abuse Violations - Grand Total_rate,-0.107932013,0.782246051
MO,Drunkenness_rate,0.282637998,0.461180065
MO,Embezzlement_rate,-0.006861618,0.986022176
MO,Forgery and Counterfeiting_rate,0.009096326,0.981470394
MO,Fraud_rate,0.089780698,0.818324376
MO,Gambling - Total_rate,0.251969482,0.513079677
MO,Human Trafficking - Commercial Sex Acts_rate,-0.105309015,0.787439003
MO,Human Trafficking - Involuntary Servitude_rate,-0.515003828,0.155953244
MO,Larceny - Theft_rate,0.308155814,0.41980906
MO,Liquor Laws_rate,0.373457303,0.32216713
MO,Manslaughter by Negligence_rate,0.338196913,0.373366113
MO,Motor Vehicle Theft_rate,-0.52723056,0.144672896
MO,Murder and Nonnegligent Manslaughter_rate,-0.254296832,0.509061839
MO,Offenses Against the Family and Children_rate,0.182524114,0.63833387
MO,Prostitution and Commercialized Vice_rate,0.102818983,0.792375428
MO,Rape_rate,-0.015320313,0.968795819
MO,Robbery_rate,0.26224659,0.495433989
MO,Simple Assault_rate,0.303253975,0.427622825
MO,"Stolen Property: Buying, Receiving, Possessing_rate",-0.024257417,0.95060742
MO,Suspicion_rate,-0.104581675,0.788880266
MO,Vagrancy_rate,-0.178660098,0.645579361
MO,Vandalism_rate,0.551022444,0.124132178
MO,"Weapons: Carrying, Possessing, Etc._rate",-0.290895864,0.447605642
MO,"Sex Offenses (Except Rape, and Prostitution and Commercialized Vice)_rate",0.179643833,0.643732265
MT,Aggravated Assault_rate,-0.077862461,0.842179082
MT,All Other Offenses (Except Traffic)_rate,0.457505554,0.215623778
MT,Arson_rate,-0.051714203,0.894883197
MT,Burglary_rate,0.112675278,0.772874437
MT,Curfew and Loitering Law Violations_rate,0.302236382,0.429252991
MT,Disorderly Conduct_rate,0.560370149,0.116568189
MT,Driving Under the Influence_rate,0.537837067,0.13528635
MT,Drug Abuse Violations - Grand Total_rate,0.352664864,0.351914172
MT,Drunkenness_rate,0.693915452,0.038120322
MT,Embezzlement_rate,0.213737633,0.580814819
MT,Forgery and Counterfeiting_rate,0.013062321,0.973393442
MT,Fraud_rate,0.340393075,0.370070746
MT,Gambling - Total_rate,0.132123415,0.734725204
MT,Human Trafficking - Commercial Sex Acts_rate,,
MT,Human Trafficking - Involuntary Servitude_rate,,
MT,Larceny - Theft_rate,0.302870536,0.428236763
MT,Liquor Laws_rate,0.554665238,0.121150692
MT,Manslaughter by Negligence_rate,-0.421398983,0.258636785
MT,Motor Vehicle Theft_rate,0.30793737,0.420155893
MT,Murder and Nonnegligent Manslaughter_rate,0.213825248,0.580656031
MT,Offenses Against the Family and Children_rate,0.542723332,0.131086438
MT,Prostitution and Commercialized Vice_rate,-0.041669271,0.91523479
MT,Rape_rate,-0.588079728,0.095803432
MT,Robbery_rate,-0.362986704,0.336985425
MT,Simple Assault_rate,-0.30314859,0.427791522
MT,"Stolen Property: Buying, Receiving, Possessing_rate",-0.591029868,0.0937371
MT,Suspicion_rate,-0.110770411,0.776635035
MT,Vagrancy_rate,0.266410534,0.48835627
MT,Vandalism_rate,0.652784274,0.056646754
MT,"Weapons: Carrying, Possessing, Etc._rate",0.609567735,0.081378629
MT,"Sex Offenses (Except Rape, and Prostitution and Commercialized Vice)_rate",-0.315011894,0.408989228
NE,Aggravated Assault_rate,0.346220194,0.36139461
NE,All Other Offenses (Except Traffic)_rate,0.07356527,0.850808294
NE,Arson_rate,0.434652898,0.242356988
NE,Burglary_rate,0.345908476,0.36185624
NE,Curfew and Loitering Law Violations_rate,0.281725606,0.462690569
NE,Disorderly Conduct_rate,0.381435491,0.311099373
NE,Driving Under the Influence_rate,0.116044229,0.76623348
NE,Drug Abuse Violations - Grand Total_rate,0.086330288,0.825218012
NE,Drunkenness_rate,0.72228154,0.027969599
NE,Embezzlement_rate,0.147603886,0.704709813
NE,Forgery and Counterfeiting_rate,0.297265192,0.437256317
NE,Fraud_rate,0.233215462,0.545907558
NE,Gambling - Total_rate,0.354212593,0.349655538
NE,Human Trafficking - Commercial Sex Acts_rate,0.2023848,0.601519818
NE,Human Trafficking - Involuntary Servitude_rate,,
NE,Larceny - Theft_rate,0.281792927,0.462579044
NE,Liquor Laws_rate,0.067848037,0.862310243
NE,Manslaughter by Negligence_rate,-0.01265352,0.974225901
NE,Motor Vehicle Theft_rate,0.443591738,0.231697817
NE,Murder and Nonnegligent Manslaughter_rate,0.626115274,0.071245434
NE,Offenses Against the Family and Children_rate,0.462728906,0.209752985
NE,Prostitution and Commercialized Vice_rate,0.062314727,0.873463554
NE,Rape_rate,0.415592117,0.265946882
NE,Robbery_rate,0.532074623,0.14034009
NE,Simple Assault_rate,0.424999495,0.254158387
NE,"Stolen Property: Buying, Receiving, Possessing_rate",0.356991304,0.345618257
NE,Suspicion_rate,0.836155964,0.004974602
NE,Vagrancy_rate,-0.569692437,0.109306965
NE,Vandalism_rate,0.421441717,0.258583388
NE,"Weapons: Carrying, Possessing, Etc._rate",0.503863633,0.166661112
NE,"Sex Offenses (Except Rape, and Prostitution and Commercialized Vice)_rate",0.362055413,0.338319371
NV,Aggravated Assault_rate,-0.53403444,0.138609058
NV,All Other Offenses (Except Traffic)_rate,-0.568085687,0.110538457
NV,Arson_rate,0.180154326,0.642774408
NV,Burglary_rate,-0.523150675,0.148382152
NV,Curfew and Loitering Law Violations_rate,-0.063190906,0.871696138
NV,Disorderly Conduct_rate,-0.179012521,0.644917446
NV,Driving Under the Influence_rate,-0.456081763,0.217239563
NV,Drug Abuse Violations - Grand Total_rate,-0.14637862,0.707073253
NV,Drunkenness_rate,-0.185569939,0.632641154
NV,Embezzlement_rate,-0.209989946,0.587621416
NV,Forgery and Counterfeiting_rate,-0.077444066,0.843018639
NV,Fraud_rate,-0.362360811,0.337881644
NV,Gambling - Total_rate,-0.02422721,0.950668868
NV,Human Trafficking - Commercial Sex Acts_rate,-0.132119353,0.734733123
NV,Human Trafficking - Involuntary Servitude_rate,-0.410640799,0.272264809
NV,Larceny - Theft_rate,-0.053281166,0.891712958
NV,Liquor Laws_rate,-0.231481788,0.548981824
NV,Manslaughter by Negligence_rate,-0.330260761,0.385389432
NV,Motor Vehicle Theft_rate,-0.483110613,0.187703236
NV,Murder and Nonnegligent Manslaughter_rate,-0.286863635,0.45421201
NV,Offenses Against the Family and Children_rate,-0.364945113,0.334188744
NV,Prostitution and Commercialized Vice_rate,-0.21693706,0.575026518
NV,Rape_rate,-0.150960069,0.698247242
NV,Robbery_rate,-0.167176284,0.667263668
NV,Simple Assault_rate,0.177848704,0.647104126
NV,"Stolen Property: Buying, Receiving, Possessing_rate",-0.239329753,0.535117971
NV,Suspicion_rate,-0.136883943,0.725459869
NV,Vagrancy_rate,-0.562569593,0.114829685
NV,Vandalism_rate,0.341402362,0.368560959
NV,"Weapons: Carrying, Possessing, Etc._rate",0.137801825,0.723676913
NV,"Sex Offenses (Except Rape, and Prostitution and Commercialized Vice)_rate",-0.144893345,0.709941132
NH,Aggravated Assault_rate,0.091536703,0.814820127
NH,All Other Offenses (Except Traffic)_rate,-0.557176359,0.11912059
NH,Arson_rate,0.428616743,0.249701087
NH,Burglary_rate,0.138865921,0.721611378
NH,Curfew and Loitering Law Violations_rate,0.011048719,0.977494023
NH,Disorderly Conduct_rate,0.022538994,0.954103373
NH,Driving Under the Influence_rate,-0.104208311,0.789620323
NH,Drug Abuse Violations - Grand Total_rate,0.169371965,0.663100622
NH,Drunkenness_rate,-0.004347066,0.99114437
NH,Embezzlement_rate,0.08326805,0.831344797
NH,Forgery and Counterfeiting_rate,-0.12963571,0.739578862
NH,Fraud_rate,0.034872743,0.929029788
NH,Gambling - Total_rate,0.055970685,0.886274704
NH,Human Trafficking - Commercial Sex Acts_rate,,
NH,Human Trafficking - Involuntary Servitude_rate,,
NH,Larceny - Theft_rate,0.091123052,0.815645347
NH,Liquor Laws_rate,0.205752181,0.5953519
NH,Manslaughter by Negligence_rate,0.176480093,0.649678583
NH,Motor Vehicle Theft_rate,-0.287264861,0.453552765
NH,Murder and Nonnegligent Manslaughter_rate,-0.656401478,0.054827213
NH,Offenses Against the Family and Children_rate,-0.455899682,0.217446675
NH,Prostitution and Commercialized Vice_rate,0.30921622,0.418127243
NH,Rape_rate,-0.42362355,0.255864911
NH,Robbery_rate,0.090096899,0.817693164
NH,Simple Assault_rate,-0.075194009,0.847535957
NH,"Stolen Property: Buying, Receiving, Possessing_rate",0.085109834,0.827658879
NH,Suspicion_rate,,
NH,Vagrancy_rate,-0.060886865,0.876344853
NH,Vandalism_rate,-0.102048909,0.79390338
NH,"Weapons: Carrying, Possessing, Etc._rate",-0.163913232,0.673464975
NH,"Sex Offenses (Except Rape, and Prostitution and Commercialized Vice)_rate",-0.030480498,0.937953693
NJ,Aggravated Assault_rate,-0.16036631,0.680225112
NJ,All Other Offenses (Except Traffic)_rate,-0.310334058,0.416357633
NJ,Arson_rate,0.172019842,0.658090801
NJ,Burglary_rate,-0.083682047,0.830516025
NJ,Curfew and Loitering Law Violations_rate,0.086617563,0.82464366
NJ,Disorderly Conduct_rate,-0.159721299,0.681456586
NJ,Driving Under the Influence_rate,-0.31386449,0.410791056
NJ,Drug Abuse Violations - Grand Total_rate,-0.242584093,0.529409102
NJ,Drunkenness_rate,0.147571393,0.704772463
NJ,Embezzlement_rate,-0.315625099,0.40802776
NJ,Forgery and Counterfeiting_rate,-0.349527694,0.356513918
NJ,Fraud_rate,-0.230797298,0.550197404
NJ,Gambling - Total_rate,-0.144931688,0.709867056
NJ,Human Trafficking - Commercial Sex Acts_rate,0.64599984,0.060161682
NJ,Human Trafficking - Involuntary Servitude_rate,-0.15084034,0.698477504
NJ,Larceny - Theft_rate,-0.26002362,0.499229584
NJ,Liquor Laws_rate,-0.046155815,0.906138913
NJ,Manslaughter by Negligence_rate,-0.546245513,0.128107516
NJ,Motor Vehicle Theft_rate,-0.333690127,0.380171904
NJ,Murder and Nonnegligent Manslaughter_rate,0.158199042,0.684365497
NJ,Offenses Against the Family and Children_rate,-0.269109269,0.483791529
NJ,Prostitution and Commercialized Vice_rate,-0.379333211,0.313996892
NJ,Rape_rate,-0.161901491,0.677296736
NJ,Robbery_rate,-0.067026304,0.863965294
NJ,Simple Assault_rate,-0.250106862,0.516304306
NJ,"Stolen Property: Buying, Receiving, Possessing_rate",-0.138388115,0.722538663
NJ,Suspicion_rate,-0.283989452,0.458946566
NJ,Vagrancy_rate,-0.057670935,0.882838876
NJ,Vandalism_rate,-0.089213154,0.819457554
NJ,"Weapons: Carrying, Possessing, Etc._rate",-0.347500792,0.359501114
NJ,"Sex Offenses (Except Rape, and Prostitution and Commercialized Vice)_rate",-0.236229378,0.540578734
NM,Aggravated Assault_rate,-0.086178389,0.825521735
NM,All Other Offenses (Except Traffic)_rate,-0.095251956,0.807415462
NM,Arson_rate,-0.108050786,0.782011083
NM,Burglary_rate,0.084573751,0.828731431
NM,Curfew and Loitering Law Violations_rate,-0.41909889,0.261519424
NM,Disorderly Conduct_rate,0.028564824,0.941847771
NM,Driving Under the Influence_rate,-0.104508241,0.78902581
NM,Drug Abuse Violations - Grand Total_rate,-0.084728939,0.828420918
NM,Drunkenness_rate,-0.08552974,0.826818935
NM,Embezzlement_rate,-0.119669276,0.759102392
NM,Forgery and Counterfeiting_rate,-0.165843995,0.669793552
NM,Fraud_rate,-0.168676022,0.664419284
NM,Gambling - Total_rate,0.427591556,0.250960086
NM,Human Trafficking - Commercial Sex Acts_rate,0.570851302,0.108423916
NM,Human Trafficking - Involuntary Servitude_rate,-0.31940301,0.402127064
NM,Larceny - Theft_rate,-0.014557463,0.970349017
NM,Liquor Laws_rate,0.088163594,0.821553904
NM,Manslaughter by Negligence_rate,0.225413638,0.559793388
NM,Motor Vehicle Theft_rate,-0.253167193,0.51101042
NM,Murder and Nonnegligent Manslaughter_rate,0.029569985,0.939804398
NM,Offenses Against the Family and Children_rate,0.357418923,0.344998984
NM,Prostitution and Commercialized Vice_rate,0.077401648,0.843103763
NM,Rape_rate,0.159783945,0.681336951
NM,Robbery_rate,-0.166325162,0.668879531
NM,Simple Assault_rate,-0.465420011,0.206763271
NM,"Stolen Property: Buying, Receiving, Possessing_rate",-0.433781723,0.243409669
NM,Suspicion_rate,-0.054175184,0.889904794
NM,Vagrancy_rate,-0.355834536,0.347296188
NM,Vandalism_rate,0.09423657,0.80943788
NM,"Weapons: Carrying, Possessing, Etc._rate",-0.187967262,0.628172194
NM,"Sex Offenses (Except Rape, and Prostitution and Commercialized Vice)_rate",0.087725407,0.82242941
NY,Aggravated Assault_rate,-0.482604439,0.188234248
NY,All Other Offenses (Except Traffic)_rate,-0.586259821,0.09709188
NY,Arson_rate,-0.384433021,0.306991419
NY,Burglary_rate,-0.272689147,0.477763934
NY,Curfew and Loitering Law Violations_rate,,
NY,Disorderly Conduct_rate,-0.397746887,0.289081381
NY,Driving Under the Influence_rate,-0.572392689,0.107256084
NY,Drug Abuse Violations - Grand Total_rate,-0.251796341,0.513379084
NY,Drunkenness_rate,,
NY,Embezzlement_rate,-0.501478821,0.169006707
NY,Forgery and Counterfeiting_rate,-0.539366663,0.133963191
NY,Fraud_rate,-0.487732001,0.182894223
NY,Gambling - Total_rate,-0.297073138,0.437566824
NY,Human Trafficking - Commercial Sex Acts_rate,0.346313571,0.361256381
NY,Human Trafficking - Involuntary Servitude_rate,,
NY,Larceny - Theft_rate,-0.475236366,0.196059629
NY,Liquor Laws_rate,-0.331175294,0.383994775
NY,Manslaughter by Negligence_rate,-0.667015049,0.049704132
NY,Motor Vehicle Theft_rate,-0.367923872,0.329957034
NY,Murder and Nonnegligent Manslaughter_rate,-0.262363314,0.495235015
NY,Offenses Against the Family and Children_rate,-0.685864119,0.041381341
NY,Prostitution and Commercialized Vice_rate,-0.400458506,0.285501381
NY,Rape_rate,-0.622664687,0.073289493
NY,Robbery_rate,-0.440707793,0.235108465
NY,Simple Assault_rate,-0.519048528,0.152167003
NY,"Stolen Property: Buying, Receiving, Possessing_rate",-0.340068577,0.370556785
NY,Suspicion_rate,,
NY,Vagrancy_rate,-0.491334645,0.179194277
NY,Vandalism_rate,-0.499287899,0.171178183
NY,"Weapons: Carrying, Possessing, Etc._rate",-0.53965475,0.133714843
NY,"Sex Offenses (Except Rape, and Prostitution and Commercialized Vice)_rate",-0.532497478,0.139965529
NC,Aggravated Assault_rate,0.328166278,0.388592412
NC,All Other Offenses (Except Traffic)_rate,0.02558712,0.947902778
NC,Arson_rate,0.783179455,0.012548987
NC,Burglary_rate,0.328349003,0.388312487
NC,Curfew and Loitering Law Violations_rate,0.528832959,0.143231068
NC,Disorderly Conduct_rate,0.259229611,0.500588169
NC,Driving Under the Influence_rate,0.193368714,0.618141482
NC,Drug Abuse Violations - Grand Total_rate,0.002849288,0.994195517
NC,Drunkenness_rate,-0.020610519,0.958027456
NC,Embezzlement_rate,0.073631377,0.850675439
NC,Forgery and Counterfeiting_rate,0.210055857,0.587501464
NC,Fraud_rate,0.276041551,0.472148083
NC,Gambling - Total_rate,0.313997078,0.410582662
NC,Human Trafficking - Commercial Sex Acts_rate,-0.289151079,0.450459127
NC,Human Trafficking - Involuntary Servitude_rate,0.327968862,0.388894948
NC,Larceny - Theft_rate,0.32584424,0.392157826
NC,Liquor Laws_rate,0.370001465,0.327021365
NC,Manslaughter by Negligence_rate,0.045710674,0.907040972
NC,Motor Vehicle Theft_rate,-0.147321652,0.705254027
NC,Murder and Nonnegligent Manslaughter_rate,0.075991073,0.845935289
NC,Offenses Against the Family and Children_rate,0.144146492,0.711384404
NC,Prostitution and Commercialized Vice_rate,0.239127845,0.535472946
NC,Rape_rate,0.293533116,0.443307587
NC,Robbery_rate,0.287290909,0.453509981
NC,Simple Assault_rate,0.275593621,0.472896824
NC,"Stolen Property: Buying, Receiving, Possessing_rate",0.153163513,0.694013431
NC,Suspicion_rate,,
NC,Vagrancy_rate,0.411099613,0.271676085
NC,Vandalism_rate,0.303568866,0.427118936
NC,"Weapons: Carrying, Possessing, Etc._rate",0.030997118,0.936903728
NC,"Sex Offenses (Except Rape, and Prostitution and Commercialized Vice)_rate",0.218538466,0.572137191
ND,Aggravated Assault_rate,0.569300255,0.109606784
ND,All Other Offenses (Except Traffic)_rate,0.129881879,0.739098215
ND,Arson_rate,0.59159527,0.093344225
ND,Burglary_rate,0.406384711,0.277757755
ND,Curfew and Loitering Law Violations_rate,0.76197465,0.01700976
ND,Disorderly Conduct_rate,0.213221787,0.581750023
ND,Driving Under the Influence_rate,-0.045530278,0.907406562
ND,Drug Abuse Violations - Grand Total_rate,0.14315171,0.713308024
ND,Drunkenness_rate,0.203916794,0.598710975
ND,Embezzlement_rate,0.106937025,0.78421504
ND,Forgery and Counterfeiting_rate,0.211961383,0.58403734
ND,Fraud_rate,0.067312106,0.863389608
ND,Gambling - Total_rate,-0.410069961,0.272998208
ND,Human Trafficking - Commercial Sex Acts_rate,-0.294507432,0.441724287
ND,Human Trafficking - Involuntary Servitude_rate,,
ND,Larceny - Theft_rate,-0.094619233,0.808675587
ND,Liquor Laws_rate,0.085613237,0.826651934
ND,Manslaughter by Negligence_rate,0.211760204,0.584402726
ND,Motor Vehicle Theft_rate,0.369970756,0.327064663
ND,Murder and Nonnegligent Manslaughter_rate,0.326092264,0.39177627
ND,Offenses Against the Family and Children_rate,0.279199209,0.466884121
ND,Prostitution and Commercialized Vice_rate,-0.0991332,0.799694086
ND,Rape_rate,-0.241536917,0.531243497
ND,Robbery_rate,0.19169634,0.62124141
ND,Simple Assault_rate,0.331120398,0.384078424
ND,"Stolen Property: Buying, Receiving, Possessing_rate",0.508114855,0.162526454
ND,Suspicion_rate,0.344216661,0.364366615
ND,Vagrancy_rate,0.525869977,0.145903781
ND,Vandalism_rate,0.431307672,0.24641255
ND,"Weapons: Carrying, Possessing, Etc._rate",0.042928817,0.912680326
ND,"Sex Offenses (Except Rape, and Prostitution and Commercialized Vice)_rate",-0.199808427,0.606253715
OH,Aggravated Assault_rate,-0.01263827,0.974256954
OH,All Other Offenses (Except Traffic)_rate,-0.353499762,0.35069491
OH,Arson_rate,0.015474421,0.968482059
OH,Burglary_rate,-0.002147488,0.99562519
OH,Curfew and Loitering Law Violations_rate,0.012341939,0.974860401
OH,Disorderly Conduct_rate,-0.037388495,0.923921456
OH,Driving Under the Influence_rate,-0.002953145,0.993983947
OH,Drug Abuse Violations - Grand Total_rate,-0.353218492,0.35110544
OH,Drunkenness_rate,-0.141523,0.716460493
OH,Embezzlement_rate,0.084542824,0.828793315
OH,Forgery and Counterfeiting_rate,-0.136576486,0.726057351
OH,Fraud_rate,-0.185403998,0.632950877
OH,Gambling - Total_rate,-0.193017838,0.618791439
OH,Human Trafficking - Commercial Sex Acts_rate,0.733197257,0.024594438
OH,Human Trafficking - Involuntary Servitude_rate,-0.129505938,0.739832275
OH,Larceny - Theft_rate,-0.189413536,0.62548116
OH,Liquor Laws_rate,-0.067086275,0.863844492
OH,Manslaughter by Negligence_rate,-0.030409881,0.93809722
OH,Motor Vehicle Theft_rate,-0.362408367,0.337813508
OH,Murder and Nonnegligent Manslaughter_rate,0.407861218,0.275845669
OH,Offenses Against the Family and Children_rate,-0.088906337,0.820070276
OH,Prostitution and Commercialized Vice_rate,-0.084600482,0.828677945
OH,Rape_rate,-0.111469395,0.775254628
OH,Robbery_rate,-0.073172743,0.851597225
OH,Simple Assault_rate,-0.280240967,0.465152959
OH,"Stolen Property: Buying, Receiving, Possessing_rate",-0.237369779,0.53856764
OH,Suspicion_rate,0.170030152,0.661854235
OH,Vagrancy_rate,-0.194940815,0.615232167
OH,Vandalism_rate,-0.248689812,0.518762925
OH,"Weapons: Carrying, Possessing, Etc._rate",0.097468883,0.803003288
OH,"Sex Offenses (Except Rape, and Prostitution and Commercialized Vice)_rate",0.134068671,0.73093554
OK,Aggravated Assault_rate,0.455519943,0.217878969
OK,All Other Offenses (Except Traffic)_rate,-0.265627942,0.489683291
OK,Arson_rate,0.421034621,0.259092301
OK,Burglary_rate,-0.225039566,0.560462444
OK,Curfew and Loitering Law Violations_rate,0.201973127,0.602275377
OK,Disorderly Conduct_rate,-0.466429126,0.205648319
OK,Driving Under the Influence_rate,0.29537789,0.440311863
OK,Drug Abuse Violations - Grand Total_rate,0.063897833,0.870270491
OK,Drunkenness_rate,0.223601589,0.563037139
OK,Embezzlement_rate,0.109265249,0.77960938
OK,Forgery and Counterfeiting_rate,0.164039127,0.673225399
OK,Fraud_rate,0.232819093,0.546609848
OK,Gambling - Total_rate,0.084751565,0.828375648
OK,Human Trafficking - Commercial Sex Acts_rate,-0.238007888,0.537443593
OK,Human Trafficking - Involuntary Servitude_rate,-0.405467211,0.278949391
OK,Larceny - Theft_rate,0.139926537,0.719554147
OK,Liquor Laws_rate,0.030808921,0.937286206
OK,Manslaughter by Negligence_rate,0.498150807,0.172311441
OK,Motor Vehicle Theft_rate,-0.023520911,0.952105678
OK,Murder and Nonnegligent Manslaughter_rate,0.502329783,0.16816758
OK,Offenses Against the Family and Children_rate,0.09629157,0.805345808
OK,Prostitution and Commercialized Vice_rate,-0.333313966,0.380742573
OK,Rape_rate,0.077770652,0.842363295
OK,Robbery_rate,0.275429347,0.473171543
OK,Simple Assault_rate,-0.226663846,0.557559451
OK,"Stolen Property: Buying, Receiving, Possessing_rate",0.101165581,0.795656796
OK,Suspicion_rate,0.05590272,0.886412081
OK,Vagrancy_rate,-0.085175241,0.827528034
OK,Vandalism_rate,0.19199506,0.620687319
OK,"Weapons: Carrying, Possessing, Etc._rate",0.003624724,0.992615853
OK,"Sex Offenses (Except Rape, and Prostitution and Commercialized Vice)_rate",0.201270448,0.60356579
OR,Aggravated Assault_rate,-0.133746995,0.731561869
OR,All Other Offenses (Except Traffic)_rate,-0.623404814,0.072848015
OR,Arson_rate,0.090471354,0.816945781
OR,Burglary_rate,0.454621444,0.218903696
OR,Curfew and Loitering Law Violations_rate,0.302579281,0.428703365
OR,Disorderly Conduct_rate,0.213861361,0.580590586
OR,Driving Under the Influence_rate,-0.425409135,0.253651502
OR,Drug Abuse Violations - Grand Total_rate,0.037427524,0.923842224
OR,Drunkenness_rate,-0.547223317,0.127287725
OR,Embezzlement_rate,-0.547686064,0.126900848
OR,Forgery and Counterfeiting_rate,-0.459647073,0.213205991
OR,Fraud_rate,-0.323577369,0.395653119
OR,Gambling - Total_rate,0.124905806,0.748829037
OR,Human Trafficking - Commercial Sex Acts_rate,-0.549079492,0.125740103
OR,Human Trafficking - Involuntary Servitude_rate,-0.312706741,0.412612781
OR,Larceny - Theft_rate,0.033547729,0.931721191
OR,Liquor Laws_rate,0.339864545,0.370862543
OR,Manslaughter by Negligence_rate,-0.037887115,0.922909269
OR,Motor Vehicle Theft_rate,-0.431989055,0.245583549
OR,Murder and Nonnegligent Manslaughter_rate,-0.027578912,0.943852301
OR,Offenses Against the Family and Children_rate,-0.069228866,0.85953016
OR,Prostitution and Commercialized Vice_rate,-0.136776757,0.72566815
OR,Rape_rate,-0.369856085,0.327226366
OR,Robbery_rate,0.063886617,0.870293108
OR,Simple Assault_rate,-0.244095218,0.526766346
OR,"Stolen Property: Buying, Receiving, Possessing_rate",-0.38359374,0.308138823
OR,Suspicion_rate,,
OR,Vagrancy_rate,-0.225182163,0.560207365
OR,Vandalism_rate,-0.045769905,0.906920937
OR,"Weapons: Carrying, Possessing, Etc._rate",-0.310288003,0.416430475
OR,"Sex Offenses (Except Rape, and Prostitution and Commercialized Vice)_rate",0.361400526,0.339258957
PA,Aggravated Assault_rate,-0.310030312,0.416838147
PA,All Other Offenses (Except Traffic)_rate,-0.274272126,0.475108693
PA,Arson_rate,-0.012453963,0.974632273
PA,Burglary_rate,-0.145892222,0.708012077
PA,Curfew and Loitering Law Violations_rate,-0.117567071,0.763235908
PA,Disorderly Conduct_rate,-0.256673338,0.504972237
PA,Driving Under the Influence_rate,-0.595069651,0.090952158
PA,Drug Abuse Violations - Grand Total_rate,-0.401456756,0.284189255
PA,Drunkenness_rate,-0.307910654,0.42019832
PA,Embezzlement_rate,-0.41496295,0.266745381
PA,Forgery and Counterfeiting_rate,-0.468694228,0.203157845
PA,Fraud_rate,-0.429729982,0.248337787
PA,Gambling - Total_rate,0.617742122,0.076268189
PA,Human Trafficking - Commercial Sex Acts_rate,0.828145997,0.005830594
PA,Human Trafficking - Involuntary Servitude_rate,0.799842152,0.009652952
PA,Larceny - Theft_rate,-0.314448577,0.409873383
PA,Liquor Laws_rate,-0.195160495,0.614825997
PA,Manslaughter by Negligence_rate,-0.279229762,0.466833311
PA,Motor Vehicle Theft_rate,-0.367666395,0.330321759
PA,Murder and Nonnegligent Manslaughter_rate,-0.127228751,0.744282565
PA,Offenses Against the Family and Children_rate,-0.352823016,0.351683053
PA,Prostitution and Commercialized Vice_rate,-0.299986325,0.432867334
PA,Rape_rate,-0.425154878,0.253966054
PA,Robbery_rate,-0.251121037,0.514547535
PA,Simple Assault_rate,-0.537358439,0.135701959
PA,"Stolen Property: Buying, Receiving, Possessing_rate",-0.376294551,0.318208898
PA,Suspicion_rate,,
PA,Vagrancy_rate,-0.084324518,0.829230161
PA,Vandalism_rate,-0.307597899,0.420695142
PA,"Weapons: Carrying, Possessing, Etc._rate",-0.273240111,0.476839059
PA,"Sex Offenses (Except Rape, and Prostitution and Commercialized Vice)_rate",-0.376487735,0.31794028
RI,Aggravated Assault_rate,0.274787793,0.474245072
RI,All Other Offenses (Except Traffic)_rate,-0.023938594,0.951255978
RI,Arson_rate,0.18163938,0.63999054
RI,Burglary_rate,-0.132487264,0.734015989
RI,Curfew and Loitering Law Violations_rate,0.52512211,0.146582957
RI,Disorderly Conduct_rate,-0.091074575,0.815742067
RI,Driving Under the Influence_rate,-0.414418018,0.267437993
RI,Drug Abuse Violations - Grand Total_rate,-0.162231181,0.676668335
RI,Drunkenness_rate,0.096346257,0.805236967
RI,Embezzlement_rate,-0.142290034,0.714975387
RI,Forgery and Counterfeiting_rate,-0.578268255,0.102874421
RI,Fraud_rate,-0.479230985,0.191794843
RI,Gambling - Total_rate,-0.058627095,0.880907427
RI,Human Trafficking - Commercial Sex Acts_rate,-0.353025608,0.351387099
RI,Human Trafficking - Involuntary Servitude_rate,-0.304677716,0.425346665
RI,Larceny - Theft_rate,-0.049566428,0.899230607
RI,Liquor Laws_rate,0.560387322,0.116554555
RI,Manslaughter by Negligence_rate,-0.546728974,0.127701792
RI,Motor Vehicle Theft_rate,-0.334755444,0.378557909
RI,Murder and Nonnegligent Manslaughter_rate,0.160163811,0.680611659
RI,Offenses Against the Family and Children_rate,0.279295084,0.466724684
RI,Prostitution and Commercialized Vice_rate,-0.06145633,0.875195571
RI,Rape_rate,-0.634377426,0.066497031
RI,Robbery_rate,-0.268985998,0.483999646
RI,Simple Assault_rate,-0.416571651,0.264706229
RI,"Stolen Property: Buying, Receiving, Possessing_rate",-0.124336888,0.749943551
RI,Suspicion_rate,,
RI,Vagrancy_rate,-0.049681184,0.898998266
RI,Vandalism_rate,-0.285917844,0.455767648
RI,"Weapons: Carrying, Possessing, Etc._rate",-0.58870225,0.095365113
RI,"Sex Offenses (Except Rape, and Prostitution and Commercialized Vice)_rate",-0.292628104,0.444780486
SC,Aggravated Assault_rate,0.554701051,0.121121595
SC,All Other Offenses (Except Traffic)_rate,0.373419512,0.322220018
SC,Arson_rate,-0.202599396,0.601126091
SC,Burglary_rate,0.529572967,0.142568067
SC,Curfew and Loitering Law Violations_rate,0.625756968,0.071456009
SC,Disorderly Conduct_rate,0.620436566,0.0746286
SC,Driving Under the Influence_rate,0.599711989,0.087815219
SC,Drug Abuse Violations - Grand Total_rate,-0.211820059,0.584294008
SC,Drunkenness_rate,0.512836186,0.158004616
SC,Embezzlement_rate,0.141602297,0.716306921
SC,Forgery and Counterfeiting_rate,0.397543013,0.289351476
SC,Fraud_rate,0.398271627,0.288386799
SC,Gambling - Total_rate,0.528029371,0.143953074
SC,Human Trafficking - Commercial Sex Acts_rate,-0.629274982,0.069405264
SC,Human Trafficking - Involuntary Servitude_rate,-0.452494399,0.221340092
SC,Larceny - Theft_rate,0.560446137,0.116507865
SC,Liquor Laws_rate,0.688276611,0.040386056
SC,Manslaughter by Negligence_rate,-0.541273319,0.132324606
SC,Motor Vehicle Theft_rate,-0.557792023,0.11862599
SC,Murder and Nonnegligent Manslaughter_rate,-0.289718689,0.449529973
SC,Offenses Against the Family and Children_rate,0.3258926,0.392083416
SC,Prostitution and Commercialized Vice_rate,0.624687572,0.0720868
SC,Rape_rate,-0.538022882,0.135125203
SC,Robbery_rate,0.373148266,0.322599745
SC,Simple Assault_rate,0.596173147,0.090200368
SC,"Stolen Property: Buying, Receiving, Possessing_rate",-0.078847987,0.840202059
SC,Suspicion_rate,,
SC,Vagrancy_rate,0.120567563,0.757337714
SC,Vandalism_rate,0.82589401,0.006088197
SC,"Weapons: Carrying, Possessing, Etc._rate",-0.565796587,0.11230732
SC,"Sex Offenses (Except Rape, and Prostitution and Commercialized Vice)_rate",0.530520206,0.141722032
SD,Aggravated Assault_rate,0.38765517,0.302606508
SD,All Other Offenses (Except Traffic)_rate,-0.015409716,0.968613795
SD,Arson_rate,-0.206914704,0.593227701
SD,Burglary_rate,0.424589382,0.254666397
SD,Curfew and Loitering Law Violations_rate,0.3437685,0.365033005
SD,Disorderly Conduct_rate,-0.031079475,0.936736356
SD,Driving Under the Influence_rate,0.525066472,0.146633558
SD,Drug Abuse Violations - Grand Total_rate,0.283850784,0.459175524
SD,Drunkenness_rate,0.37137964,0.325081179
SD,Embezzlement_rate,0.355012086,0.348491589
SD,Forgery and Counterfeiting_rate,-0.186033483,0.631776233
SD,Fraud_rate,0.171052893,0.659918929
SD,Gambling - Total_rate,0.016472681,0.966449717
SD,Human Trafficking - Commercial Sex Acts_rate,0.454911514,0.218572586
SD,Human Trafficking - Involuntary Servitude_rate,-0.524948767,0.146740642
SD,Larceny - Theft_rate,0.456434272,0.2168389
SD,Liquor Laws_rate,0.223186417,0.563781315
SD,Manslaughter by Negligence_rate,-0.105860811,0.786345961
SD,Motor Vehicle Theft_rate,0.179944624,0.643167825
SD,Murder and Nonnegligent Manslaughter_rate,0.278301472,0.468378146
SD,Offenses Against the Family and Children_rate,0.268036849,0.485603332
SD,Prostitution and Commercialized Vice_rate,0.157434257,0.685828299
SD,Rape_rate,-0.207495546,0.592167365
SD,Robbery_rate,-0.416294904,0.26505644
SD,Simple Assault_rate,0.166369109,0.668796069
SD,"Stolen Property: Buying, Receiving, Possessing_rate",0.252013334,0.513003856
SD,Suspicion_rate,0.090012709,0.817861218
SD,Vagrancy_rate,-0.247890697,0.520151449
SD,Vandalism_rate,0.016340656,0.966718495
SD,"Weapons: Carrying, Possessing, Etc._rate",-0.257170689,0.504118056
SD,"Sex Offenses (Except Rape, and Prostitution and Commercialized Vice)_rate",0.113929908,0.770399767
TN,Aggravated Assault_rate,0.375908506,0.318746028
TN,All Other Offenses (Except Traffic)_rate,-0.331849284,0.382968462
TN,Arson_rate,0.239892603,0.534128904
TN,Burglary_rate,0.224963194,0.560599078
TN,Curfew and Loitering Law Violations_rate,0.204308546,0.597993447
TN,Disorderly Conduct_rate,0.127788927,0.743187205
TN,Driving Under the Influence_rate,0.322787942,0.39687371
TN,Drug Abuse Violations - Grand Total_rate,-0.43121963,0.246519776
TN,Drunkenness_rate,0.14568374,0.708414584
TN,Embezzlement_rate,-0.161454409,0.678149167
TN,Forgery and Counterfeiting_rate,-0.410452491,0.272506628
TN,Fraud_rate,0.096393623,0.805142698
TN,Gambling - Total_rate,0.15639616,0.687815309
TN,Human Trafficking - Commercial Sex Acts_rate,-0.201573142,0.603009801
TN,Human Trafficking - Involuntary Servitude_rate,-0.361641903,0.338912497
TN,Larceny - Theft_rate,0.178894399,0.645139276
TN,Liquor Laws_rate,0.292002158,0.445800457
TN,Manslaughter by Negligence_rate,-0.10063941,0.796701627
TN,Motor Vehicle Theft_rate,-0.326164259,0.391665546
TN,Murder and Nonnegligent Manslaughter_rate,0.117997574,0.762388995
TN,Offenses Against the Family and Children_rate,-0.326547986,0.391075646
TN,Prostitution and Commercialized Vice_rate,0.179823503,0.643395092
TN,Rape_rate,-0.286060628,0.455532649
TN,Robbery_rate,0.127752483,0.743258455
TN,Simple Assault_rate,-0.153658048,0.693064206
TN,"Stolen Property: Buying, Receiving, Possessing_rate",-0.250819488,0.515069635
TN,Suspicion_rate,,
TN,Vagrancy_rate,-0.308654274,0.419018118
TN,Vandalism_rate,0.181537187,0.640181987
TN,"Weapons: Carrying, Possessing, Etc._rate",-0.097140791,0.803655963
TN,"Sex Offenses (Except Rape, and Prostitution and Commercialized Vice)_rate",0.037840381,0.923004135
TX,Aggravated Assault_rate,-0.182457471,0.638458612
TX,All Other Offenses (Except Traffic)_rate,-0.566497228,0.111764115
TX,Arson_rate,0.311155627,0.415059199
TX,Burglary_rate,-0.211277096,0.58528049
TX,Curfew and Loitering Law Violations_rate,-0.239400557,0.534993511
TX,Disorderly Conduct_rate,-0.29943002,0.433763019
TX,Driving Under the Influence_rate,-0.425635299,0.253371881
TX,Drug Abuse Violations - Grand Total_rate,-0.534747481,0.137982389
TX,Drunkenness_rate,-0.337236917,0.374810951
TX,Embezzlement_rate,-0.504809803,0.165735713
TX,Forgery and Counterfeiting_rate,-0.54150075,0.132129947
TX,Fraud_rate,-0.430624672,0.247245022
TX,Gambling - Total_rate,-0.335649723,0.377205543
TX,Human Trafficking - Commercial Sex Acts_rate,0.293280526,0.443718461
TX,Human Trafficking - Involuntary Servitude_rate,0.136333636,0.726529372
TX,Larceny - Theft_rate,-0.241201518,0.531831556
TX,Liquor Laws_rate,-0.355959459,0.347114792
TX,Manslaughter by Negligence_rate,0.100406252,0.797164703
TX,Motor Vehicle Theft_rate,0.02607386,0.946912852
TX,Murder and Nonnegligent Manslaughter_rate,0.549800069,0.125142339
TX,Offenses Against the Family and Children_rate,-0.256861894,0.504648331
TX,Prostitution and Commercialized Vice_rate,-0.424560282,0.254702464
TX,Rape_rate,-0.509821939,0.160882995
TX,Robbery_rate,-0.367011743,0.331249996
TX,Simple Assault_rate,-0.390668772,0.29853446
TX,"Stolen Property: Buying, Receiving, Possessing_rate",0.008086692,0.983526824
TX,Suspicion_rate,-0.287684297,0.452864044
TX,Vagrancy_rate,-0.333634833,0.380255763
TX,Vandalism_rate,-0.321638301,0.398654363
TX,"Weapons: Carrying, Possessing, Etc._rate",0.112118768,0.773972682
TX,"Sex Offenses (Except Rape, and Prostitution and Commercialized Vice)_rate",-0.321891854,0.398261323
UT,Aggravated Assault_rate,-0.275248585,0.473473913
UT,All Other Offenses (Except Traffic)_rate,0.044066823,0.910372951
UT,Arson_rate,-0.128143233,0.742494605
UT,Burglary_rate,0.403932267,0.280948892
UT,Curfew and Loitering Law Violations_rate,0.363317815,0.336511779
UT,Disorderly Conduct_rate,0.357629788,0.344693812
UT,Driving Under the Influence_rate,0.471852407,0.19971362
UT,Drug Abuse Violations - Grand Total_rate,-0.234057684,0.544416441
UT,Drunkenness_rate,0.336079859,0.376555886
UT,Embezzlement_rate,0.037773558,0.923139779
UT,Forgery and Counterfeiting_rate,0.242956522,0.528757295
UT,Fraud_rate,0.143682888,0.712280704
UT,Gambling - Total_rate,-0.003444648,0.99298269
UT,Human Trafficking - Commercial Sex Acts_rate,-0.013905566,0.971676379
UT,Human Trafficking - Involuntary Servitude_rate,0.69302843,0.038471143
UT,Larceny - Theft_rate,0.277040345,0.470480346
UT,Liquor Laws_rate,0.223647622,0.562954648
UT,Manslaughter by Negligence_rate,0.311868931,0.413933361
UT,Motor Vehicle Theft_rate,0.338422066,0.37302763
UT,Murder and Nonnegligent Manslaughter_rate,-0.155518182,0.689497127
UT,Offenses Against the Family and Children_rate,-0.339007421,0.372148321
UT,Prostitution and Commercialized Vice_rate,-0.067794531,0.862417994
UT,Rape_rate,-0.534970921,0.137786359
UT,Robbery_rate,0.273113401,0.477051694
UT,Simple Assault_rate,0.117094956,0.764164932
UT,"Stolen Property: Buying, Receiving, Possessing_rate",0.6153114,0.077766359
UT,Suspicion_rate,0.099309076,0.799344548
UT,Vagrancy_rate,0.116444375,0.765445568
UT,Vandalism_rate,-0.075679003,0.846561932
UT,"Weapons: Carrying, Possessing, Etc._rate",0.029469452,0.940008756
UT,"Sex Offenses (Except Rape, and Prostitution and Commercialized Vice)_rate",0.160288464,0.680373704
VT,Aggravated Assault_rate,-0.3903309,0.298989599
VT,All Other Offenses (Except Traffic)_rate,-0.511905627,0.158890025
VT,Arson_rate,0.296783645,0.438035052
VT,Burglary_rate,-0.253763192,0.509981975
VT,Curfew and Loitering Law Violations_rate,,
VT,Disorderly Conduct_rate,-0.207491178,0.592175337
VT,Driving Under the Influence_rate,-0.478800244,0.192252184
VT,Drug Abuse Violations - Grand Total_rate,-0.302580292,0.428701744
VT,Drunkenness_rate,0.429060034,0.249157743
VT,Embezzlement_rate,-0.029776981,0.939383636
VT,Forgery and Counterfeiting_rate,-0.678774672,0.044397152
VT,Fraud_rate,-0.616259093,0.077180096
VT,Gambling - Total_rate,,
VT,Human Trafficking - Commercial Sex Acts_rate,-0.626945882,0.070758781
VT,Human Trafficking - Involuntary Servitude_rate,,
VT,Larceny - Theft_rate,-0.599765053,0.087779753
VT,Liquor Laws_rate,0.02617147,0.946714342
VT,Manslaughter by Negligence_rate,-0.592537597,0.092691683
VT,Motor Vehicle Theft_rate,-0.387533185,0.302771928
VT,Murder and Nonnegligent Manslaughter_rate,-0.474670023,0.196668535
VT,Offenses Against the Family and Children_rate,0.200650649,0.604704788
VT,Prostitution and Commercialized Vice_rate,0.381452924,0.311075401
VT,Rape_rate,-0.628789366,0.069686123
VT,Robbery_rate,-0.647099374,0.059582924
VT,Simple Assault_rate,-0.694129117,0.038036127
VT,"Stolen Property: Buying, Receiving, Possessing_rate",0.066444559,0.865137264
VT,Suspicion_rate,,
VT,Vagrancy_rate,,
VT,Vandalism_rate,-0.273891785,0.475746098
VT,"Weapons: Carrying, Possessing, Etc._rate",-0.752484618,0.01930811
VT,"Sex Offenses (Except Rape, and Prostitution and Commercialized Vice)_rate",-0.335654655,0.37719809
VA,Aggravated Assault_rate,0.409089954,0.274259705
VA,All Other Offenses (Except Traffic)_rate,-0.168927672,0.663942369
VA,Arson_rate,-0.191688134,0.621256634
VA,Burglary_rate,0.342065675,0.367570314
VA,Curfew and Loitering Law Violations_rate,0.307623345,0.420654711
VA,Disorderly Conduct_rate,-0.331735423,0.383141752
VA,Driving Under the Influence_rate,0.003798752,0.99226134
VA,Drug Abuse Violations - Grand Total_rate,-0.020430524,0.958393753
VA,Drunkenness_rate,0.235822,0.541297841
VA,Embezzlement_rate,0.18659411,0.630730681
VA,Forgery and Counterfeiting_rate,0.211144333,0.585521791
VA,Fraud_rate,0.071032649,0.855900541
VA,Gambling - Total_rate,-0.275498714,0.473055532
VA,Human Trafficking - Commercial Sex Acts_rate,-0.364306187,0.33509989
VA,Human Trafficking - Involuntary Servitude_rate,0.554887866,0.120969881
VA,Larceny - Theft_rate,0.216587055,0.575658716
VA,Liquor Laws_rate,0.134046432,0.730978835
VA,Manslaughter by Negligence_rate,-0.272006293,0.478911248
VA,Motor Vehicle Theft_rate,-0.397478588,0.289436853
VA,Murder and Nonnegligent Manslaughter_rate,0.198535569,0.608597197
VA,Offenses Against the Family and Children_rate,0.226510242,0.55783374
VA,Prostitution and Commercialized Vice_rate,0.364733204,0.334490802
VA,Rape_rate,-0.242877848,0.528894961
VA,Robbery_rate,0.207795464,0.591620124
VA,Simple Assault_rate,0.238332432,0.536872247
VA,"Stolen Property: Buying, Receiving, Possessing_rate",-0.31131731,0.414803888
VA,Suspicion_rate,,
VA,Vagrancy_rate,0.419400314,0.261140695
VA,Vandalism_rate,0.453941551,0.219680861
VA,"Weapons: Carrying, Possessing, Etc._rate",-0.370796735,0.325901089
VA,"Sex Offenses (Except Rape, and Prostitution and Commercialized Vice)_rate",0.302323913,0.429112659
WA,Aggravated Assault_rate,-0.472890276,0.198588919
WA,All Other Offenses (Except Traffic)_rate,-0.291463591,0.446678862
WA,Arson_rate,0.477346178,0.193800565
WA,Burglary_rate,0.048769946,0.900843399
WA,Curfew and Loitering Law Violations_rate,0.306567187,0.42233433
WA,Disorderly Conduct_rate,-0.157852994,0.68502727
WA,Driving Under the Influence_rate,-0.242593208,0.529393147
WA,Drug Abuse Violations - Grand Total_rate,-0.106215642,0.785643254
WA,Drunkenness_rate,-0.051828415,0.894652082
WA,Embezzlement_rate,-0.316690128,0.406360317
WA,Forgery and Counterfeiting_rate,-0.171945928,0.65823049
WA,Fraud_rate,-0.241775992,0.53082448
WA,Gambling - Total_rate,-0.318199154,0.404003084
WA,Human Trafficking - Commercial Sex Acts_rate,-0.068971422,0.860048382
WA,Human Trafficking - Involuntary Servitude_rate,-0.271440833,0.479862191
WA,Larceny - Theft_rate,-0.094856845,0.808202317
WA,Liquor Laws_rate,-0.012129419,0.97529318
WA,Manslaughter by Negligence_rate,0.286920786,0.454118081
WA,Motor Vehicle Theft_rate,-0.309774785,0.417242574
WA,Murder and Nonnegligent Manslaughter_rate,0.505276044,0.165280797
WA,Offenses Against the Family and Children_rate,-0.014012597,0.971458442
WA,Prostitution and Commercialized Vice_rate,-0.172935884,0.656360364
WA,Rape_rate,-0.412369467,0.270050163
WA,Robbery_rate,-0.158153444,0.684452687
WA,Simple Assault_rate,-0.213867852,0.580578824
WA,"Stolen Property: Buying, Receiving, Possessing_rate",-0.479552256,0.191454131
WA,Suspicion_rate,-0.000536328,0.998907402
WA,Vagrancy_rate,-0.047873299,0.902659388
WA,Vandalism_rate,-0.070671801,0.856626465
WA,"Weapons: Carrying, Possessing, Etc._rate",-0.461630736,0.210979843
WA,"Sex Offenses (Except Rape, and Prostitution and Commercialized Vice)_rate",0.005902621,0.987975628
WV,Aggravated Assault_rate,0.23298009,0.546324551
WV,All Other Offenses (Except Traffic)_rate,-0.035208085,0.92834873
WV,Arson_rate,0.281903973,0.462395109
WV,Burglary_rate,0.328339926,0.388326391
WV,Curfew and Loitering Law Violations_rate,-0.249035546,0.51816264
WV,Disorderly Conduct_rate,-0.181785075,0.63971763
WV,Driving Under the Influence_rate,0.207821299,0.591572991
WV,Drug Abuse Violations - Grand Total_rate,0.0461689,0.906112398
WV,Drunkenness_rate,0.256759144,0.504824828
WV,Embezzlement_rate,0.252248962,0.512596526
WV,Forgery and Counterfeiting_rate,0.249831198,0.516782227
WV,Fraud_rate,0.258175241,0.502394562
WV,Gambling - Total_rate,0.197974177,0.609631767
WV,Human Trafficking - Commercial Sex Acts_rate,0.218224847,0.57270262
WV,Human Trafficking - Involuntary Servitude_rate,-0.53004516,0.142145955
WV,Larceny - Theft_rate,0.290658493,0.447993384
WV,Liquor Laws_rate,0.267048691,0.487275265
WV,Manslaughter by Negligence_rate,0.302082892,0.429499119
WV,Motor Vehicle Theft_rate,0.303654165,0.426982487
WV,Murder and Nonnegligent Manslaughter_rate,0.736557223,0.023612328
WV,Offenses Against the Family and Children_rate,-0.019303045,0.960688368
WV,Prostitution and Commercialized Vice_rate,-0.488643717,0.181953828
WV,Rape_rate,0.695724954,0.03741109
WV,Robbery_rate,0.376298445,0.318203482
WV,Simple Assault_rate,0.377221239,0.316921391
WV,"Stolen Property: Buying, Receiving, Possessing_rate",0.126089345,0.746511767
WV,Suspicion_rate,,
WV,Vagrancy_rate,-0.412950169,0.269308337
WV,Vandalism_rate,0.377856864,0.316039792
WV,"Weapons: Carrying, Possessing, Etc._rate",0.501898644,0.168592424
WV,"Sex Offenses (Except Rape, and Prostitution and Commercialized Vice)_rate",0.312368377,0.413145889
WI,Aggravated Assault_rate,-0.083430883,0.844291501
WI,All Other Offenses (Except Traffic)_rate,-0.022837537,0.957194504
WI,Arson_rate,0.032171438,0.939720162
WI,Burglary_rate,0.313788491,0.449126541
WI,Curfew and Loitering Law Violations_rate,0.283302235,0.496546307
WI,Disorderly Conduct_rate,0.118401993,0.780062389
WI,Driving Under the Influence_rate,-0.105125714,0.804336707
WI,Drug Abuse Violations - Grand Total_rate,-0.502277527,0.204636468
WI,Drunkenness_rate,,
WI,Embezzlement_rate,-0.663868887,0.07261762
WI,Forgery and Counterfeiting_rate,-0.104622418,0.805259743
WI,Fraud_rate,0.152638782,0.71821655
WI,Gambling - Total_rate,0.382373312,0.349867958
WI,Human Trafficking - Commercial Sex Acts_rate,-0.324632554,0.432726693
WI,Human Trafficking - Involuntary Servitude_rate,0.059967572,0.887830074
WI,Larceny - Theft_rate,0.192163974,0.648464333
WI,Liquor Laws_rate,0.162014973,0.701495949
WI,Manslaughter by Negligence_rate,0.628727633,0.094962432
WI,Motor Vehicle Theft_rate,-0.745713639,0.033665485
WI,Murder and Nonnegligent Manslaughter_rate,0.694067314,0.056164287
WI,Offenses Against the Family and Children_rate,0.096198618,0.820737301
WI,Prostitution and Commercialized Vice_rate,-0.000586285,0.998900716
WI,Rape_rate,-0.802400547,0.016542875
WI,Robbery_rate,0.257737062,0.537717836
WI,Simple Assault_rate,-0.627465777,0.095829856
WI,"Stolen Property: Buying, Receiving, Possessing_rate",0.245133204,0.558455972
WI,Suspicion_rate,0.1463052,0.729567229
WI,Vagrancy_rate,0.428429505,0.289580582
WI,Vandalism_rate,0.245985747,0.557044421
WI,"Weapons: Carrying, Possessing, Etc._rate",0.091629015,0.829154807
WI,"Sex Offenses (Except Rape, and Prostitution and Commercialized Vice)_rate",0.148523572,0.725586599
WY,Aggravated Assault_rate,0.175932316,0.676870562
WY,All Other Offenses (Except Traffic)_rate,-0.201043929,0.633076876
WY,Arson_rate,-0.0364165,0.931779407
WY,Burglary_rate,0.150008422,0.722925184
WY,Curfew and Loitering Law Violations_rate,-0.15842849,0.707879766
WY,Disorderly Conduct_rate,-0.096848439,0.819541483
WY,Driving Under the Influence_rate,0.011815447,0.977848098
WY,Drug Abuse Violations - Grand Total_rate,-0.05639891,0.894476075
WY,Drunkenness_rate,-0.106553174,0.801719849
WY,Embezzlement_rate,-0.115211423,0.785882568
WY,Forgery and Counterfeiting_rate,-0.024986205,0.953170361
WY,Fraud_rate,0.018772236,0.964810325
WY,Gambling - Total_rate,-0.323714956,0.43410458
WY,Human Trafficking - Commercial Sex Acts_rate,0.828730449,0.011001673
WY,Human Trafficking - Involuntary Servitude_rate,0.574174792,0.136635381
WY,Larceny - Theft_rate,0.079891228,0.850840121
WY,Liquor Laws_rate,0.023931285,0.955145969
WY,Manslaughter by Negligence_rate,-0.041721771,0.921862414
WY,Motor Vehicle Theft_rate,0.748597946,0.032610092
WY,Murder and Nonnegligent Manslaughter_rate,0.130761171,0.757603241
WY,Offenses Against the Family and Children_rate,0.022790005,0.957283534
WY,Prostitution and Commercialized Vice_rate,-0.272232335,0.514222747
WY,Rape_rate,0.495998971,0.211273577
WY,Robbery_rate,-0.024315581,0.954426254
WY,Simple Assault_rate,0.088025664,0.835802484
WY,"Stolen Property: Buying, Receiving, Possessing_rate",0.039205434,0.926565103
WY,Suspicion_rate,-0.105410614,0.803814293
WY,Vagrancy_rate,-0.154236114,0.715360916
WY,Vandalism_rate,0.410362973,0.312585815
WY,"Weapons: Carrying, Possessing, Etc._rate",0.031658419,0.940680115
WY,"Sex Offenses (Except Rape, and Prostitution and Commercialized Vice)_rate",-0.048362066,0.909462418
